gas_line_gz1,gas_line_gz2,gas_line_predet_build_year,gas_line_predet_cap,gas_line_total_cap
AL,FL,1990,1021445,1021445
AL,FL,1994,124440,1145885
AL,FL,1995,554795,1700680
AL,FL,1996,0,1700680
AL,FL,1997,0,1700680
AL,FL,1998,25925,1726605
AL,FL,1999,0,1726605
AL,FL,2000,0,1726605
AL,FL,2001,207400,1934005
AL,GA,1990,5052264,5052264
AL,GA,1994,90219,5142483
AL,GA,1995,119255,5261738
AL,GA,1996,57035,5318773
AL,GA,1997,150365,5469138
AL,GA,1998,157624,5626762
AL,GA,1999,0,5626762
AL,GA,2000,207400,5834162
AL,GA,2001,17629,5851791
AL,MS,1990,155550,155550
AL,MS,1994,51850,207400
AL,MS,1995,0,207400
AL,MS,1996,0,207400
AL,MS,1997,0,207400
AL,MS,1998,0,207400
AL,MS,1999,0,207400
AL,MS,2000,0,207400
AL,MS,2001,0,207400
AL,TN,1990,3887713,3887713
AL,TN,1994,346358,4234071
AL,TN,1995,0,4234071
AL,TN,1996,0,4234071
AL,TN,1997,0,4234071
AL,TN,1998,0,4234071
AL,TN,1999,0,4234071
AL,TN,2000,0,4234071
AL,TN,2001,0,4234071
AR,LA,1990,732122,732122
AR,LA,1994,0,732122
AR,LA,1995,0,732122
AR,LA,1996,0,732122
AR,LA,1997,0,732122
AR,LA,1998,0,732122
AR,LA,1999,0,732122
AR,LA,2000,0,732122
AR,LA,2001,0,732122
AR,MO,1990,2915007,2915007
AR,MO,1994,0,2863157
AR,MO,1995,0,2863157
AR,MO,1996,2074,2865231
AR,MO,1997,0,2863157
AR,MO,1998,0,2863157
AR,MO,1999,0,2863157
AR,MO,2000,0,2863157
AR,MO,2001,0,2863157
AR,MS,1990,8822796,8822796
AR,MS,1994,198067,9020863
AR,MS,1995,0,9020863
AR,MS,1996,0,9020863
AR,MS,1997,0,9020863
AR,MS,1998,0,9020863
AR,MS,1999,0,9020863
AR,MS,2000,0,8756428
AR,MS,2001,0,8756428
AR,OK,1990,20740,20740
AR,OK,1994,0,20740
AR,OK,1995,0,20740
AR,OK,1996,0,20740
AR,OK,1997,0,20740
AR,OK,1998,0,20740
AR,OK,1999,0,20740
AR,OK,2000,0,20740
AR,OK,2001,0,20740
AR,TX,1990,658495,658495
AR,TX,1994,119255,777750
AR,TX,1995,0,777750
AR,TX,1996,0,777750
AR,TX,1997,0,777750
AR,TX,1998,0,777750
AR,TX,1999,0,777750
AR,TX,2000,0,777750
AR,TX,2001,0,777750
AZ,CA,1990,3608760,3608760
AZ,CA,1994,1394765,5003525
AZ,CA,1995,0,5003525
AZ,CA,1996,0,5003525
AZ,CA,1997,0,5003525
AZ,CA,1998,0,5003525
AZ,CA,1999,0,5003525
AZ,CA,2000,0,5003525
AZ,CA,2001,0,5003525
AZ,NV,1990,171105,171105
AZ,NV,1994,0,171105
AZ,NV,1995,0,171105
AZ,NV,1996,0,171105
AZ,NV,1997,0,171105
AZ,NV,1998,0,171105
AZ,NV,1999,0,171105
AZ,NV,2000,0,171105
AZ,NV,2001,0,171105
CA,AZ,1990,0,0
CA,AZ,1994,0,0
CA,AZ,1995,0,0
CA,AZ,1996,0,0
CA,AZ,1997,0,0
CA,AZ,1998,0,0
CA,AZ,1999,0,0
CA,AZ,2000,0,0
CA,AZ,2001,0,0
CA,NV,1990,0,0
CA,NV,1994,0,0
CA,NV,1995,111996,111996
CA,NV,1996,0,111996
CA,NV,1997,0,111996
CA,NV,1998,0,111996
CA,NV,1999,0,111996
CA,NV,2000,0,111996
CA,NV,2001,0,111996
CO,KS,1990,435540,435540
CO,KS,1994,31110,466650
CO,KS,1995,0,466650
CO,KS,1996,0,466650
CO,KS,1997,31110,497760
CO,KS,1998,0,497760
CO,KS,1999,0,497760
CO,KS,2000,89182,586942
CO,KS,2001,0,586942
CO,NE,1990,442799,442799
CO,NE,1994,0,442799
CO,NE,1995,0,442799
CO,NE,1996,0,442799
CO,NE,1997,497760,940559
CO,NE,1998,0,940559
CO,NE,1999,0,940559
CO,NE,2000,0,940559
CO,NE,2001,0,940559
CO,NM,1990,614941,614941
CO,NM,1994,402356,1017297
CO,NM,1995,54961,1072258
CO,NM,1996,255102,1327360
CO,NM,1997,0,1327360
CO,NM,1998,145180,1472540
CO,NM,1999,311100,1783640
CO,NM,2000,0,1783640
CO,NM,2001,0,1783640
CO,OK,1990,207400,207400
CO,OK,1994,51850,259250
CO,OK,1995,0,259250
CO,OK,1996,0,259250
CO,OK,1997,0,259250
CO,OK,1998,0,259250
CO,OK,1999,0,259250
CO,OK,2000,0,259250
CO,OK,2001,86071,345321
CO,UT,1990,428281,428281
CO,UT,1994,0,428281
CO,UT,1995,0,428281
CO,UT,1996,0,428281
CO,UT,1997,0,428281
CO,UT,1998,0,428281
CO,UT,1999,0,428281
CO,UT,2000,0,428281
CO,UT,2001,0,428281
CO,WY,1990,463539,463539
CO,WY,1994,309026,772565
CO,WY,1995,0,772565
CO,WY,1996,0,772565
CO,WY,1997,108885,881450
CO,WY,1998,0,881450
CO,WY,1999,0,881450
CO,WY,2000,0,881450
CO,WY,2001,0,881450
CT,MA,1990,82960,82960
CT,MA,1994,0,82960
CT,MA,1995,0,82960
CT,MA,1996,0,82960
CT,MA,1997,0,82960
CT,MA,1998,0,82960
CT,MA,1999,0,82960
CT,MA,2000,0,82960
CT,MA,2001,0,82960
CT,NY,1990,0,0
CT,NY,1994,259250,259250
CT,NY,1995,0,259250
CT,NY,1996,0,259250
CT,NY,1997,0,259250
CT,NY,1998,36295,295545
CT,NY,1999,0,295545
CT,NY,2000,0,295545
CT,NY,2001,0,295545
CT,RI,1990,689605,689605
CT,RI,1994,98515,788120
CT,RI,1995,0,788120
CT,RI,1996,0,788120
CT,RI,1997,0,788120
CT,RI,1998,0,788120
CT,RI,1999,0,788120
CT,RI,2000,0,788120
CT,RI,2001,0,788120
DE,MD,1990,10370,10370
DE,MD,1994,0,10370
DE,MD,1995,0,10370
DE,MD,1996,0,10370
DE,MD,1997,5185,15555
DE,MD,1998,1037,16592
DE,MD,1999,0,16592
DE,MD,2000,0,16592
DE,MD,2001,0,16592
DE,NJ,1990,0,0
DE,NJ,1994,146217,146217
DE,NJ,1995,0,146217
DE,NJ,1996,0,146217
DE,NJ,1997,0,146217
DE,NJ,1998,0,146217
DE,NJ,1999,0,146217
DE,NJ,2000,0,146217
DE,NJ,2001,0,146217
GA,FL,1990,44591,44591
GA,FL,1994,13481,58072
GA,FL,1995,0,58072
GA,FL,1996,0,58072
GA,FL,1997,0,58072
GA,FL,1998,0,58072
GA,FL,1999,0,58072
GA,FL,2000,0,58072
GA,FL,2001,0,58072
GA,SC,1990,3315289,3315289
GA,SC,1994,50813,3366102
GA,SC,1995,119255,3485357
GA,SC,1996,57035,3542392
GA,SC,1997,197030,3739422
GA,SC,1998,0,3739422
GA,SC,1999,0,3739422
GA,SC,2000,0,3739422
GA,SC,2001,0,3739422
GA,TN,1990,46665,46665
GA,TN,1994,0,46665
GA,TN,1995,11407,58072
GA,TN,1996,0,58072
GA,TN,1997,0,58072
GA,TN,1998,98515,156587
GA,TN,1999,0,156587
GA,TN,2000,0,156587
GA,TN,2001,0,156587
IA,IL,1990,2878712,2878712
IA,IL,1994,119255,2997967
IA,IL,1995,51850,3049817
IA,IL,1996,22814,3072631
IA,IL,1997,0,3072631
IA,IL,1998,808860,3881491
IA,IL,1999,0,3881491
IA,IL,2000,1692384,5573875
IA,IL,2001,202215,5776090
IA,MN,1990,1265140,1265140
IA,MN,1994,51850,1316990
IA,MN,1995,0,1316990
IA,MN,1996,111996,1428986
IA,MN,1997,250954,1679940
IA,MN,1998,0,1679940
IA,MN,1999,0,1679940
IA,MN,2000,0,1679940
IA,MN,2001,0,1679940
IA,SD,1990,80886,80886
IA,SD,1994,0,80886
IA,SD,1995,0,80886
IA,SD,1996,0,80886
IA,SD,1997,0,80886
IA,SD,1998,0,80886
IA,SD,1999,0,80886
IA,SD,2000,0,80886
IA,SD,2001,0,80886
ID,NV,1990,124440,124440
ID,NV,1994,39406,163846
ID,NV,1995,0,163846
ID,NV,1996,0,163846
ID,NV,1997,0,163846
ID,NV,1998,0,163846
ID,NV,1999,0,163846
ID,NV,2000,0,163846
ID,NV,2001,0,163846
ID,OR,1990,248880,248880
ID,OR,1994,14518,263398
ID,OR,1995,0,263398
ID,OR,1996,0,263398
ID,OR,1997,0,263398
ID,OR,1998,0,263398
ID,OR,1999,0,263398
ID,OR,2000,0,263398
ID,OR,2001,0,263398
ID,UT,1990,259250,259250
ID,UT,1994,49776,309026
ID,UT,1995,0,309026
ID,UT,1996,0,309026
ID,UT,1997,0,309026
ID,UT,1998,0,309026
ID,UT,1999,0,309026
ID,UT,2000,0,309026
ID,UT,2001,0,309026
ID,WA,1990,1515057,1515057
ID,WA,1994,849303,2364360
ID,WA,1995,0,2364360
ID,WA,1996,0,2364360
ID,WA,1997,0,2364360
ID,WA,1998,76738,2441098
ID,WA,1999,0,2441098
ID,WA,2000,0,2441098
ID,WA,2001,0,2441098
IL,IA,1990,77775,77775
IL,IA,1994,0,77775
IL,IA,1995,0,77775
IL,IA,1996,0,77775
IL,IA,1997,0,77775
IL,IA,1998,0,77775
IL,IA,1999,0,77775
IL,IA,2000,0,77775
IL,IA,2001,0,77775
IL,IN,1990,4490210,4490210
IL,IN,1994,246806,4737016
IL,IN,1995,0,4737016
IL,IN,1996,0,4737016
IL,IN,1997,138958,4875974
IL,IN,1998,0,4875974
IL,IN,1999,114070,4990044
IL,IN,2000,746640,5736684
IL,IN,2001,787083,6523767
IL,MO,1990,837896,837896
IL,MO,1994,64294,902190
IL,MO,1995,0,902190
IL,MO,1996,0,902190
IL,MO,1997,0,902190
IL,MO,1998,0,902190
IL,MO,1999,0,902190
IL,MO,2000,0,902190
IL,MO,2001,0,902190
IL,WI,1990,1657126,1657126
IL,WI,1994,0,1657126
IL,WI,1995,39406,1696532
IL,WI,1996,22814,1719346
IL,WI,1997,0,1719346
IL,WI,1998,0,1719346
IL,WI,1999,154513,1873859
IL,WI,2000,197030,2070889
IL,WI,2001,0,2070889
IN,IL,1990,2010743,2010743
IN,IL,1994,5185,2015928
IN,IL,1995,0,2015928
IN,IL,1996,0,2015928
IN,IL,1997,138958,2154886
IN,IL,1998,0,2154886
IN,IL,1999,0,2154886
IN,IL,2000,0,2154886
IN,IL,2001,0,2154886
IN,KY,1990,0,0
IN,KY,1994,0,0
IN,KY,1995,0,0
IN,KY,1996,0,0
IN,KY,1997,0,0
IN,KY,1998,0,0
IN,KY,1999,0,0
IN,KY,2000,0,0
IN,KY,2001,0,0
IN,MI,1990,2037705,2037705
IN,MI,1994,149328,2187033
IN,MI,1995,0,2187033
IN,MI,1996,0,2187033
IN,MI,1997,155550,2342583
IN,MI,1998,0,2342583
IN,MI,1999,0,2342583
IN,MI,2000,746640,3089223
IN,MI,2001,0,3089223
IN,OH,1990,4766052,4766052
IN,OH,1994,149328,4915380
IN,OH,1995,259250,5174630
IN,OH,1996,0,5174630
IN,OH,1997,0,5174630
IN,OH,1998,316285,5490915
IN,OH,1999,0,5490915
IN,OH,2000,0,5490915
IN,OH,2001,0,5490915
KS,CO,1990,399245,399245
KS,CO,1994,0,399245
KS,CO,1995,0,399245
KS,CO,1996,0,399245
KS,CO,1997,0,399245
KS,CO,1998,0,399245
KS,CO,1999,0,399245
KS,CO,2000,0,399245
KS,CO,2001,0,399245
KS,MO,1990,2704496,2704496
KS,MO,1994,0,2676497
KS,MO,1995,0,2676497
KS,MO,1996,0,2676497
KS,MO,1997,286212,2962709
KS,MO,1998,0,2962709
KS,MO,1999,0,2962709
KS,MO,2000,0,2962709
KS,MO,2001,148291,3111000
KS,NE,1990,4728720,4728720
KS,NE,1994,0,4286958
KS,NE,1995,0,4286958
KS,NE,1996,0,4286958
KS,NE,1997,50813,4337771
KS,NE,1998,0,4337771
KS,NE,1999,0,4337771
KS,NE,2000,0,4337771
KS,NE,2001,0,4337771
KS,OK,1990,591090,591090
KS,OK,1994,107848,698938
KS,OK,1995,0,698938
KS,OK,1996,0,698938
KS,OK,1997,0,698938
KS,OK,1998,0,698938
KS,OK,1999,0,698938
KS,OK,2000,82960,781898
KS,OK,2001,0,781898
KY,IL,1990,1865563,1865563
KY,IL,1994,0,1865563
KY,IL,1995,0,1865563
KY,IL,1996,0,1865563
KY,IL,1997,0,1865563
KY,IL,1998,0,1865563
KY,IL,1999,0,1865563
KY,IL,2000,0,1865563
KY,IL,2001,0,1601128
KY,IN,1990,3617056,3617056
KY,IN,1994,74664,3691720
KY,IN,1995,0,3691720
KY,IN,1996,0,3691720
KY,IN,1997,0,3691720
KY,IN,1998,0,3691720
KY,IN,1999,0,3691720
KY,IN,2000,0,3691720
KY,IN,2001,0,3691720
KY,OH,1990,4210220,4210220
KY,OH,1994,107848,4318068
KY,OH,1995,0,4318068
KY,OH,1996,0,4318068
KY,OH,1997,0,4318068
KY,OH,1998,0,4318068
KY,OH,1999,0,4318068
KY,OH,2000,0,4318068
KY,OH,2001,0,4318068
KY,TN,1990,5185,5185
KY,TN,1994,25925,31110
KY,TN,1995,0,31110
KY,TN,1996,0,31110
KY,TN,1997,0,31110
KY,TN,1998,0,31110
KY,TN,1999,0,31110
KY,TN,2000,0,31110
KY,TN,2001,0,31110
KY,VA,1990,51850,51850
KY,VA,1994,0,51850
KY,VA,1995,0,51850
KY,VA,1996,0,51850
KY,VA,1997,0,51850
KY,VA,1998,0,51850
KY,VA,1999,0,51850
KY,VA,2000,0,51850
KY,VA,2001,0,51850
KY,WV,1990,2629832,2629832
KY,WV,1994,0,2629832
KY,WV,1995,0,2629832
KY,WV,1996,0,2629832
KY,WV,1997,0,2629832
KY,WV,1998,0,2629832
KY,WV,1999,318359,2948191
KY,WV,2000,0,2948191
KY,WV,2001,0,2948191
LA,AR,1990,7709058,7709058
LA,AR,1994,292434,8001492
LA,AR,1995,0,8001492
LA,AR,1996,0,8001492
LA,AR,1997,15555,8017047
LA,AR,1998,0,8017047
LA,AR,1999,0,8017047
LA,AR,2000,0,7760908
LA,AR,2001,434503,8195411
LA,MS,1990,13440557,13440557
LA,MS,1994,520574,13961131
LA,MS,1995,386801,14347932
LA,MS,1996,160735,14508667
LA,MS,1997,0,14508667
LA,MS,1998,0,14508667
LA,MS,1999,320433,14829100
LA,MS,2000,0,14829100
LA,MS,2001,295545,15124645
LA,TX,1990,1235067,1235067
LA,TX,1994,78812,1313879
LA,TX,1995,0,1313879
LA,TX,1996,0,1313879
LA,TX,1997,0,1313879
LA,TX,1998,0,1313879
LA,TX,1999,0,1313879
LA,TX,2000,0,1313879
LA,TX,2001,0,1313879
MA,CT,1990,83997,83997
MA,CT,1994,0,83997
MA,CT,1995,0,83997
MA,CT,1996,0,83997
MA,CT,1997,0,83997
MA,CT,1998,0,83997
MA,CT,1999,0,83997
MA,CT,2000,0,83997
MA,CT,2001,86071,170068
MA,NH,1990,97478,97478
MA,NH,1994,12444,109922
MA,NH,1995,0,109922
MA,NH,1996,0,109922
MA,NH,1997,0,109922
MA,NH,1998,0,109922
MA,NH,1999,0,109922
MA,NH,2000,0,109922
MA,NH,2001,130662,240584
MA,RI,1990,29036,29036
MA,RI,1994,150365,179401
MA,RI,1995,0,179401
MA,RI,1996,0,179401
MA,RI,1997,0,179401
MA,RI,1998,0,179401
MA,RI,1999,0,179401
MA,RI,2000,0,179401
MA,RI,2001,0,179401
MD,DC,1990,41480,41480
MD,DC,1994,41480,82960
MD,DC,1995,0,82960
MD,DC,1996,0,82960
MD,DC,1997,0,82960
MD,DC,1998,0,82960
MD,DC,1999,0,82960
MD,DC,2000,0,82960
MD,DC,2001,0,82960
MD,DE,1990,49776,49776
MD,DE,1994,6947.9,56723.9
MD,DE,1995,0,56723.9
MD,DE,1996,0,56723.9
MD,DE,1997,0,56723.9
MD,DE,1998,2592.5,59316.4
MD,DE,1999,0,59316.4
MD,DE,2000,0,59316.4
MD,DE,2001,12236.6,71553
MD,PA,1990,2498133,2498133
MD,PA,1994,204289,2702422
MD,PA,1995,0,2702422
MD,PA,1996,0,2702422
MD,PA,1997,0,2702422
MD,PA,1998,0,2702422
MD,PA,1999,0,2702422
MD,PA,2000,0,2702422
MD,PA,2001,0,2702422
MD,VA,1990,227103,227103
MD,VA,1994,0,227103
MD,VA,1995,638792,865895
MD,VA,1996,0,865895
MD,VA,1997,0,865895
MD,VA,1998,0,865895
MD,VA,1999,0,865895
MD,VA,2000,0,865895
MD,VA,2001,0,865895
MD,WV,1990,5185,5185
MD,WV,1994,0,5185
MD,WV,1995,0,5185
MD,WV,1996,0,5185
MD,WV,1997,0,5185
MD,WV,1998,0,5185
MD,WV,1999,0,5185
MD,WV,2000,0,5185
MD,WV,2001,0,5185
ME,NH,1990,12444,12444
ME,NH,1994,19703,32147
ME,NH,1995,0,32147
ME,NH,1996,0,32147
ME,NH,1997,0,32147
ME,NH,1998,0,32147
ME,NH,1999,609756,641903
ME,NH,2000,0,641903
ME,NH,2001,41480,683383
MI,IN,1990,1320101,1320101
MI,IN,1994,149328,1469429
MI,IN,1995,0,1469429
MI,IN,1996,0,1469429
MI,IN,1997,155550,1624979
MI,IN,1998,0,1624979
MI,IN,1999,0,1624979
MI,IN,2000,0,1624979
MI,IN,2001,0,1624979
MI,OH,1990,103700,103700
MI,OH,1994,0,103700
MI,OH,1995,0,103700
MI,OH,1996,0,103700
MI,OH,1997,0,103700
MI,OH,1998,0,103700
MI,OH,1999,0,103700
MI,OH,2000,0,103700
MI,OH,2001,0,103700
MI,WI,1990,2294881,2294881
MI,WI,1994,645014,2939895
MI,WI,1995,0,2939895
MI,WI,1996,0,2939895
MI,WI,1997,0,2939895
MI,WI,1998,130662,3070557
MI,WI,1999,0,3070557
MI,WI,2000,0,3070557
MI,WI,2001,0,3070557
MN,IA,1990,1146922,1146922
MN,IA,1994,486353,1633275
MN,IA,1995,0,1633275
MN,IA,1996,0,1633275
MN,IA,1997,0,1633275
MN,IA,1998,699975,2333250
MN,IA,1999,0,2333250
MN,IA,2000,1692384,4025634
MN,IA,2001,0,4025634
MN,ND,1990,26962,26962
MN,ND,1994,38369,65331
MN,ND,1995,0,65331
MN,ND,1996,0,65331
MN,ND,1997,0,65331
MN,ND,1998,0,65331
MN,ND,1999,0,65331
MN,ND,2000,0,65331
MN,ND,2001,0,65331
MN,WI,1990,2092666,2092666
MN,WI,1994,652273,2744939
MN,WI,1995,0,2744939
MN,WI,1996,0,2744939
MN,WI,1997,64294,2809233
MN,WI,1998,130662,2939895
MN,WI,1999,29036,2968931
MN,WI,2000,0,2968931
MN,WI,2001,0,2968931
MO,AR,1990,25925,25925
MO,AR,1994,0,25925
MO,AR,1995,0,25925
MO,AR,1996,0,25925
MO,AR,1997,0,25925
MO,AR,1998,0,25925
MO,AR,1999,0,25925
MO,AR,2000,0,25925
MO,AR,2001,0,25925
MO,IA,1990,625311,625311
MO,IA,1994,79849,705160
MO,IA,1995,0,705160
MO,IA,1996,0,705160
MO,IA,1997,0,705160
MO,IA,1998,0,705160
MO,IA,1999,0,705160
MO,IA,2000,0,705160
MO,IA,2001,0,705160
MO,IL,1990,4022523,4022523
MO,IL,1994,215696,4238219
MO,IL,1995,0,4238219
MO,IL,1996,0,4238219
MO,IL,1997,0,4238219
MO,IL,1998,0,4238219
MO,IL,1999,0,4238219
MO,IL,2000,0,4238219
MO,IL,2001,0,4238219
MS,AL,1990,11289819,11289819
MS,AL,1994,573461,11863280
MS,AL,1995,496723,12360003
MS,AL,1996,57035,12417038
MS,AL,1997,150365,12567403
MS,AL,1998,0,12567403
MS,AL,1999,0,12567403
MS,AL,2000,0,12567403
MS,AL,2001,82960,12650363
MS,LA,1990,394060,394060
MS,LA,1994,0,394060
MS,LA,1995,0,394060
MS,LA,1996,0,394060
MS,LA,1997,0,394060
MS,LA,1998,0,394060
MS,LA,1999,0,394060
MS,LA,2000,0,394060
MS,LA,2001,0,394060
MS,TN,1990,9792391,9792391
MS,TN,1994,311100,10103491
MS,TN,1995,0,10103491
MS,TN,1996,0,10103491
MS,TN,1997,0,10103491
MS,TN,1998,0,10103491
MS,TN,1999,318359,10421850
MS,TN,2000,243695,10665545
MS,TN,2001,0,10400073
MT,ND,1990,1247511,1247511
MT,ND,1994,603534,1851045
MT,ND,1995,0,1851045
MT,ND,1996,0,1851045
MT,ND,1997,0,1851045
MT,ND,1998,725900,2576945
MT,ND,1999,0,2576945
MT,ND,2000,0,2576945
MT,ND,2001,0,2576945
MT,WY,1990,182512,182512
MT,WY,1994,0,182512
MT,WY,1995,0,182512
MT,WY,1996,0,182512
MT,WY,1997,0,182512
MT,WY,1998,61183,243695
MT,WY,1999,0,243695
MT,WY,2000,41480,285175
MT,WY,2001,0,285175
NC,VA,1990,2511614,2511614
NC,VA,1994,51850,2563464
NC,VA,1995,119255,2682719
NC,VA,1996,0,2682719
NC,VA,1997,0,2682719
NC,VA,1998,0,2682719
NC,VA,1999,0,2682719
NC,VA,2000,0,2682719
NC,VA,2001,0,2682719
ND,MN,1990,0,0
ND,MN,1994,0,0
ND,MN,1995,0,0
ND,MN,1996,0,0
ND,MN,1997,0,0
ND,MN,1998,0,0
ND,MN,1999,0,0
ND,MN,2000,1692384,1692384
ND,MN,2001,0,1692384
ND,MT,1990,236436,236436
ND,MT,1994,41480,277916
ND,MT,1995,0,277916
ND,MT,1996,0,277916
ND,MT,1997,0,277916
ND,MT,1998,0,277916
ND,MT,1999,0,277916
ND,MT,2000,0,277916
ND,MT,2001,0,277916
ND,SD,1990,1312842,1312842
ND,SD,1994,480131,1792973
ND,SD,1995,0,1792973
ND,SD,1996,0,1792973
ND,SD,1997,0,1792973
ND,SD,1998,725900,2518873
ND,SD,1999,0,2518873
ND,SD,2000,0,2518873
ND,SD,2001,0,2518873
NE,CO,1990,442280.5,442280.5
NE,CO,1994,59109,501389.5
NE,CO,1995,0,501389.5
NE,CO,1996,0,501389.5
NE,CO,1997,373320,874709.5
NE,CO,1998,0,874709.5
NE,CO,1999,0,874709.5
NE,CO,2000,0,874709.5
NE,CO,2001,0,874709.5
NE,IA,1990,3322548,3322548
NE,IA,1994,0,3322548
NE,IA,1995,0,3322548
NE,IA,1996,0,3322548
NE,IA,1997,0,3322548
NE,IA,1998,0,3322548
NE,IA,1999,0,3322548
NE,IA,2000,0,3322548
NE,IA,2001,0,3322548
NE,KS,1990,41480,41480
NE,KS,1994,0,41480
NE,KS,1995,0,41480
NE,KS,1996,0,41480
NE,KS,1997,264435,305915
NE,KS,1998,0,305915
NE,KS,1999,0,305915
NE,KS,2000,0,305915
NE,KS,2001,0,305915
NE,MO,1990,632570,632570
NE,MO,1994,86071,718641
NE,MO,1995,0,718641
NE,MO,1996,0,718641
NE,MO,1997,0,718641
NE,MO,1998,0,718641
NE,MO,1999,0,718641
NE,MO,2000,0,718641
NE,MO,2001,0,718641
NE,SD,1990,129625,129625
NE,SD,1994,0,129625
NE,SD,1995,0,129625
NE,SD,1996,0,129625
NE,SD,1997,0,129625
NE,SD,1998,0,129625
NE,SD,1999,0,129625
NE,SD,2000,0,129625
NE,SD,2001,0,129625
NH,MA,1990,0,0
NH,MA,1994,0,0
NH,MA,1995,0,0
NH,MA,1996,0,0
NH,MA,1997,0,0
NH,MA,1998,0,0
NH,MA,1999,609756,609756
NH,MA,2000,0,609756
NH,MA,2001,41480,651236
NH,ME,1990,24888,24888
NH,ME,1994,39406,64294
NH,ME,1995,0,64294
NH,ME,1996,0,64294
NH,ME,1997,0,64294
NH,ME,1998,0,64294
NH,ME,1999,152439,216733
NH,ME,2000,0,216733
NH,ME,2001,0,216733
NJ,NY,1990,3008337,3008337
NJ,NY,1994,159698,3168035
NJ,NY,1995,0,3168035
NJ,NY,1996,0,3168035
NJ,NY,1997,0,3168035
NJ,NY,1998,0,3168035
NJ,NY,1999,0,3168035
NJ,NY,2000,0,3168035
NJ,NY,2001,311100,3479135
NJ,PA,1990,1814750,1814750
NJ,PA,1994,155550,1970300
NJ,PA,1995,0,1970300
NJ,PA,1996,0,1970300
NJ,PA,1997,0,1970300
NJ,PA,1998,0,1970300
NJ,PA,1999,0,1970300
NJ,PA,2000,0,1970300
NJ,PA,2001,0,1970300
NM,AZ,1990,4221627,4221627
NM,AZ,1994,1196698,5418325
NM,AZ,1995,0,5418325
NM,AZ,1996,0,5418325
NM,AZ,1997,0,5418325
NM,AZ,1998,0,5418325
NM,AZ,1999,0,5418325
NM,AZ,2000,141032,5559357
NM,AZ,2001,0,5559357
NM,CO,1990,0,0
NM,CO,1994,0,0
NM,CO,1995,0,0
NM,CO,1996,0,0
NM,CO,1997,0,0
NM,CO,1998,0,0
NM,CO,1999,0,0
NM,CO,2000,0,0
NM,CO,2001,0,0
NM,TX,1990,2192218,2192218
NM,TX,1994,282064,2474282
NM,TX,1995,0,2474282
NM,TX,1996,0,2474282
NM,TX,1997,0,2474282
NM,TX,1998,0,2474282
NM,TX,1999,0,2474282
NM,TX,2000,0,2474282
NM,TX,2001,0,2474282
NV,CA,1990,21777,21777
NV,CA,1994,735233,757010
NV,CA,1995,0,757010
NV,CA,1996,0,757010
NV,CA,1997,13481,770491
NV,CA,1998,0,770491
NV,CA,1999,0,770491
NV,CA,2000,0,770491
NV,CA,2001,139995,910486
NV,OR,1990,0,0
NV,OR,1994,0,0
NV,OR,1995,0,0
NV,OR,1996,0,0
NV,OR,1997,0,0
NV,OR,1998,0,0
NV,OR,1999,0,0
NV,OR,2000,0,0
NV,OR,2001,0,0
NY,CT,1990,1088850,1088850
NY,CT,1994,469761,1558611
NY,CT,1995,70516,1629127
NY,CT,1996,0,1629127
NY,CT,1997,0,1629127
NY,CT,1998,36295,1665422
NY,CT,1999,30073,1695495
NY,CT,2000,15555,1711050
NY,CT,2001,13481,1724531
NY,MA,1990,777750,777750
NY,MA,1994,320433,1098183
NY,MA,1995,0,1098183
NY,MA,1996,0,1098183
NY,MA,1997,0,1098183
NY,MA,1998,0,1098183
NY,MA,1999,0,1098183
NY,MA,2000,0,1098183
NY,MA,2001,0,1098183
NY,PA,1990,531981,531981
NY,PA,1994,141032,673013
NY,PA,1995,0,673013
NY,PA,1996,0,673013
NY,PA,1997,25925,698938
NY,PA,1998,22814,721752
NY,PA,1999,0,721752
NY,PA,2000,0,721752
NY,PA,2001,0,721752
OH,IN,1990,485316,485316
OH,IN,1994,0,485316
OH,IN,1995,0,485316
OH,IN,1996,0,485316
OH,IN,1997,0,485316
OH,IN,1998,0,485316
OH,IN,1999,0,485316
OH,IN,2000,0,485316
OH,IN,2001,0,485316
OH,KY,1990,227103,227103
OH,KY,1994,0,227103
OH,KY,1995,0,227103
OH,KY,1996,0,227103
OH,KY,1997,0,227103
OH,KY,1998,0,227103
OH,KY,1999,0,227103
OH,KY,2000,0,227103
OH,KY,2001,0,227103
OH,MI,1990,1962004,1962004
OH,MI,1994,0,1962004
OH,MI,1995,0,1962004
OH,MI,1996,0,1962004
OH,MI,1997,0,1962004
OH,MI,1998,0,1962004
OH,MI,1999,0,1962004
OH,MI,2000,0,1962004
OH,MI,2001,0,1962004
OH,PA,1990,2221254,2221254
OH,PA,1994,0,2221254
OH,PA,1995,0,2221254
OH,PA,1996,0,2221254
OH,PA,1997,0,2221254
OH,PA,1998,0,2221254
OH,PA,1999,0,2221254
OH,PA,2000,0,2221254
OH,PA,2001,0,2221254
OH,WV,1990,2542724,2542724
OH,WV,1994,242658,2785382
OH,WV,1995,45628,2831010
OH,WV,1996,25925,2856935
OH,WV,1997,0,2856935
OH,WV,1998,0,2856935
OH,WV,1999,0,2856935
OH,WV,2000,0,2856935
OH,WV,2001,0,2856935
OK,AR,1990,1910154,1910154
OK,AR,1994,0,1910154
OK,AR,1995,0,1910154
OK,AR,1996,0,1910154
OK,AR,1997,0,1910154
OK,AR,1998,0,1910154
OK,AR,1999,165920,2076074
OK,AR,2000,0,2076074
OK,AR,2001,0,2076074
OK,CO,1990,207400,207400
OK,CO,1994,0,207400
OK,CO,1995,0,207400
OK,CO,1996,0,207400
OK,CO,1997,0,207400
OK,CO,1998,0,207400
OK,CO,1999,0,207400
OK,CO,2000,0,207400
OK,CO,2001,0,207400
OK,KS,1990,6323626,6323626
OK,KS,1994,0,6230296
OK,KS,1995,0,6230296
OK,KS,1996,0,6230296
OK,KS,1997,0,6230296
OK,KS,1998,0,6230296
OK,KS,1999,0,6230296
OK,KS,2000,0,6230296
OK,KS,2001,0,6230296
OK,MO,1990,48739,48739
OK,MO,1994,0,48739
OK,MO,1995,0,48739
OK,MO,1996,0,48739
OK,MO,1997,0,48739
OK,MO,1998,0,48739
OK,MO,1999,8296,57035
OK,MO,2000,0,57035
OK,MO,2001,0,57035
OK,TX,1990,2136220,2136220
OK,TX,1994,1122034,3258254
OK,TX,1995,0,3258254
OK,TX,1996,0,3258254
OK,TX,1997,0,3258254
OK,TX,1998,0,3258254
OK,TX,1999,31110,3289364
OK,TX,2000,0,3289364
OK,TX,2001,87108,3376472
OR,CA,1990,1171810,1171810
OR,CA,1994,684420,1856230
OR,CA,1995,114070,1970300
OR,CA,1996,0,1970300
OR,CA,1997,0,1970300
OR,CA,1998,76738,2047038
OR,CA,1999,0,2047038
OR,CA,2000,20740,2067778
OR,CA,2001,0,2067778
OR,ID,1990,457317,457317
OR,ID,1994,31110,488427
OR,ID,1995,10370,498797
OR,ID,1996,0,498797
OR,ID,1997,0,498797
OR,ID,1998,0,498797
OR,ID,1999,0,498797
OR,ID,2000,0,498797
OR,ID,2001,0,498797
OR,WA,1990,494649,494649
OR,WA,1994,186660,681309
OR,WA,1995,0,681309
OR,WA,1996,0,681309
OR,WA,1997,0,681309
OR,WA,1998,0,681309
OR,WA,1999,52887,734196
OR,WA,2000,0,734196
OR,WA,2001,0,734196
PA,DE,1990,257176,257176
PA,DE,1994,98515,355691
PA,DE,1995,15555,371246
PA,DE,1996,0,371246
PA,DE,1997,0,371246
PA,DE,1998,5185,376431
PA,DE,1999,9333,385764
PA,DE,2000,8296,394060
PA,DE,2001,0,394060
PA,MD,1990,689605,689605
PA,MD,1994,178052.9,867657.9
PA,MD,1995,96441,964098.9
PA,MD,1996,0,964098.9
PA,MD,1997,19703,983801.9
PA,MD,1998,2592.5,986394.4
PA,MD,1999,0,986394.4
PA,MD,2000,15555,1001949.4
PA,MD,2001,12236.6,1014186
PA,NJ,1990,6785091,6785091
PA,NJ,1994,506056,7291147
PA,NJ,1995,128588,7419735
PA,NJ,1996,25925,7445660
PA,NJ,1997,0,7445660
PA,NJ,1998,16592,7462252
PA,NJ,1999,0,7462252
PA,NJ,2000,0,7462252
PA,NJ,2001,167994,7630246
PA,NY,1990,3323585,3323585
PA,NY,1994,143106,3466691
PA,NY,1995,0,3466691
PA,NY,1996,0,3466691
PA,NY,1997,0,2907748
PA,NY,1998,0,2907748
PA,NY,1999,0,2907748
PA,NY,2000,0,2907748
PA,NY,2001,0,2907748
PA,OH,1990,467687,467687
PA,OH,1994,14518,482205
PA,OH,1995,0,482205
PA,OH,1996,0,482205
PA,OH,1997,0,482205
PA,OH,1998,0,482205
PA,OH,1999,0,482205
PA,OH,2000,0,482205
PA,OH,2001,0,482205
PA,WV,1990,703086,703086
PA,WV,1994,0,694790
PA,WV,1995,0,694790
PA,WV,1996,0,694790
PA,WV,1997,249917,944707
PA,WV,1998,173179,1117886
PA,WV,1999,111996,1229882
PA,WV,2000,0,1229882
PA,WV,2001,0,1229882
RI,MA,1990,689605,689605
RI,MA,1994,41480,731085
RI,MA,1995,0,731085
RI,MA,1996,0,731085
RI,MA,1997,0,731085
RI,MA,1998,0,731085
RI,MA,1999,0,731085
RI,MA,2000,0,731085
RI,MA,2001,0,731085
SC,GA,1990,57035,57035
SC,GA,1994,0,57035
SC,GA,1995,0,57035
SC,GA,1996,0,57035
SC,GA,1997,0,57035
SC,GA,1998,0,57035
SC,GA,1999,0,57035
SC,GA,2000,0,57035
SC,GA,2001,0,57035
SC,NC,1990,2885971,2885971
SC,NC,1994,50813,2936784
SC,NC,1995,119255,3056039
SC,NC,1996,57035,3113074
SC,NC,1997,150365,3263439
SC,NC,1998,0,3263439
SC,NC,1999,0,3263439
SC,NC,2000,0,3263439
SC,NC,2001,0,3263439
SD,IA,1990,20740,20740
SD,IA,1994,0,20740
SD,IA,1995,0,20740
SD,IA,1996,0,20740
SD,IA,1997,0,20740
SD,IA,1998,0,20740
SD,IA,1999,0,20740
SD,IA,2000,0,20740
SD,IA,2001,0,20740
SD,MN,1990,1278621,1278621
SD,MN,1994,458354,1736975
SD,MN,1995,0,1736975
SD,MN,1996,0,1736975
SD,MN,1997,0,1736975
SD,MN,1998,725900,2462875
SD,MN,1999,0,2462875
SD,MN,2000,0,2462875
SD,MN,2001,0,2462875
SD,ND,1990,20740,20740
SD,ND,1994,34221,54961
SD,ND,1995,0,54961
SD,ND,1996,0,54961
SD,ND,1997,0,54961
SD,ND,1998,0,54961
SD,ND,1999,0,54961
SD,ND,2000,0,54961
SD,ND,2001,0,54961
SD,NE,1990,129625,129625
SD,NE,1994,0,129625
SD,NE,1995,0,129625
SD,NE,1996,0,129625
SD,NE,1997,0,129625
SD,NE,1998,0,129625
SD,NE,1999,0,129625
SD,NE,2000,0,129625
SD,NE,2001,0,129625
SD,WY,1990,46665,46665
SD,WY,1994,0,46665
SD,WY,1995,0,46665
SD,WY,1996,0,46665
SD,WY,1997,0,46665
SD,WY,1998,41480,88145
SD,WY,1999,0,88145
SD,WY,2000,0,88145
SD,WY,2001,0,88145
TN,AL,1990,528870,528870
TN,AL,1994,0,528870
TN,AL,1995,0,528870
TN,AL,1996,0,528870
TN,AL,1997,0,528870
TN,AL,1998,21777,550647
TN,AL,1999,0,550647
TN,AL,2000,0,550647
TN,AL,2001,0,550647
TN,AR,1990,25925,25925
TN,AR,1994,0,25925
TN,AR,1995,0,25925
TN,AR,1996,0,25925
TN,AR,1997,0,25925
TN,AR,1998,0,25925
TN,AR,1999,0,25925
TN,AR,2000,0,25925
TN,AR,2001,0,25925
TN,GA,1990,64294,64294
TN,GA,1994,0,64294
TN,GA,1995,0,64294
TN,GA,1996,0,64294
TN,GA,1997,0,64294
TN,GA,1998,0,64294
TN,GA,1999,0,64294
TN,GA,2000,0,64294
TN,GA,2001,0,64294
TN,KY,1990,14360376,14360376
TN,KY,1994,0,13008128
TN,KY,1995,0,13008128
TN,KY,1996,0,13008128
TN,KY,1997,0,13008128
TN,KY,1998,0,13008128
TN,KY,1999,318359,13326487
TN,KY,2000,0,13326487
TN,KY,2001,0,13062052
TN,VA,1990,13481,13481
TN,VA,1994,2074,15555
TN,VA,1995,0,15555
TN,VA,1996,11407,26962
TN,VA,1997,24888,51850
TN,VA,1998,0,51850
TN,VA,1999,0,51850
TN,VA,2000,0,51850
TN,VA,2001,0,51850
TX,AR,1990,1919487,1919487
TX,AR,1994,229177,2148664
TX,AR,1995,0,2148664
TX,AR,1996,0,2148664
TX,AR,1997,0,2148664
TX,AR,1998,0,2148664
TX,AR,1999,0,2148664
TX,AR,2000,0,2148664
TX,AR,2001,0,2148664
TX,LA,1990,6127840.4,6127840.4
TX,LA,1994,34117.3000000006,6161957.7
TX,LA,1995,0,6161957.7
TX,LA,1996,147254,6309211.7
TX,LA,1997,20740,6329951.7
TX,LA,1998,0,6127736.7
TX,LA,1999,347395,6475131.7
TX,LA,2000,10370,6485501.7
TX,LA,2001,0,6485501.7
TX,NM,1990,3777791,3777791
TX,NM,1994,271694,4049485
TX,NM,1995,0,4049485
TX,NM,1996,119255,4168740
TX,NM,1997,0,4168740
TX,NM,1998,0,4168740
TX,NM,1999,0,4168740
TX,NM,2000,0,4168740
TX,NM,2001,0,4168740
TX,OK,1990,4471544,4471544
TX,OK,1994,170068,4641612
TX,OK,1995,0,4641612
TX,OK,1996,20740,4662352
TX,OK,1997,0,4662352
TX,OK,1998,0,4662352
TX,OK,1999,0,4662352
TX,OK,2000,0,4662352
TX,OK,2001,0,4662352
UT,CO,1990,241621,241621
UT,CO,1994,302804,544425
UT,CO,1995,0,544425
UT,CO,1996,0,544425
UT,CO,1997,0,544425
UT,CO,1998,0,544425
UT,CO,1999,0,544425
UT,CO,2000,0,544425
UT,CO,2001,0,544425
UT,ID,1990,378505,378505
UT,ID,1994,81923,460428
UT,ID,1995,0,460428
UT,ID,1996,0,460428
UT,ID,1997,0,460428
UT,ID,1998,0,460428
UT,ID,1999,0,460428
UT,ID,2000,0,460428
UT,ID,2001,20740,481168
UT,NV,1990,0,0
UT,NV,1994,803675,803675
UT,NV,1995,0,803675
UT,NV,1996,0,803675
UT,NV,1997,0,803675
UT,NV,1998,0,803675
UT,NV,1999,0,803675
UT,NV,2000,0,803675
UT,NV,2001,139995,943670
UT,WY,1990,538203,538203
UT,WY,1994,114070,652273
UT,WY,1995,0,652273
UT,WY,1996,0,652273
UT,WY,1997,0,652273
UT,WY,1998,88145,740418
UT,WY,1999,0,740418
UT,WY,2000,0,740418
UT,WY,2001,0,740418
VA,DC,1990,103700,103700
VA,DC,1994,20740,124440
VA,DC,1995,0,124440
VA,DC,1996,0,124440
VA,DC,1997,0,124440
VA,DC,1998,0,124440
VA,DC,1999,0,124440
VA,DC,2000,0,124440
VA,DC,2001,0,124440
VA,MD,1990,3157665,3157665
VA,MD,1994,174216,3331881
VA,MD,1995,606645,3938526
VA,MD,1996,0,3938526
VA,MD,1997,55998,3994524
VA,MD,1998,13481,4008005
VA,MD,1999,0,4008005
VA,MD,2000,0,4008005
VA,MD,2001,0,4008005
VA,NC,1990,25925,25925
VA,NC,1994,435540,461465
VA,NC,1995,0,461465
VA,NC,1996,0,461465
VA,NC,1997,0,461465
VA,NC,1998,12444,473909
VA,NC,1999,0,473909
VA,NC,2000,0,473909
VA,NC,2001,0,473909
VA,TN,1990,13481,13481
VA,TN,1994,2074,15555
VA,TN,1995,0,15555
VA,TN,1996,11407,26962
VA,TN,1997,24888,51850
VA,TN,1998,0,51850
VA,TN,1999,0,51850
VA,TN,2000,0,51850
VA,TN,2001,0,51850
WA,ID,1990,61183,61183
WA,ID,1994,0,61183
WA,ID,1995,0,61183
WA,ID,1996,0,61183
WA,ID,1997,0,61183
WA,ID,1998,0,61183
WA,ID,1999,0,61183
WA,ID,2000,0,61183
WA,ID,2001,0,61183
WA,OR,1990,2486726,2486726
WA,OR,1994,970632,3457358
WA,OR,1995,5185,3462543
WA,OR,1996,0,3462543
WA,OR,1997,0,3462543
WA,OR,1998,76738,3539281
WA,OR,1999,0,3539281
WA,OR,2000,0,3539281
WA,OR,2001,0,3539281
WI,IL,1990,570350,570350
WI,IL,1994,0,570350
WI,IL,1995,0,570350
WI,IL,1996,0,570350
WI,IL,1997,0,570350
WI,IL,1998,0,570350
WI,IL,1999,113033,683383
WI,IL,2000,0,683383
WI,IL,2001,42517,725900
WI,MI,1990,1773270,1773270
WI,MI,1994,642940,2416210
WI,MI,1995,0,2416210
WI,MI,1996,0,2416210
WI,MI,1997,0,2416210
WI,MI,1998,130662,2546872
WI,MI,1999,0,2546872
WI,MI,2000,0,2546872
WI,MI,2001,0,2546872
WI,MN,1990,2308362,2308362
WI,MN,1994,0,2308362
WI,MN,1995,0,2308362
WI,MN,1996,0,2308362
WI,MN,1997,0,2308362
WI,MN,1998,0,2308362
WI,MN,1999,0,2308362
WI,MN,2000,0,2308362
WI,MN,2001,0,2308362
WV,KY,1990,78812,78812
WV,KY,1994,0,78812
WV,KY,1995,0,78812
WV,KY,1996,0,78812
WV,KY,1997,0,78812
WV,KY,1998,0,78812
WV,KY,1999,0,78812
WV,KY,2000,0,78812
WV,KY,2001,0,78812
WV,MD,1990,4148,4148
WV,MD,1994,0,4148
WV,MD,1995,0,4148
WV,MD,1996,0,4148
WV,MD,1997,0,4148
WV,MD,1998,0,4148
WV,MD,1999,0,4148
WV,MD,2000,0,4148
WV,MD,2001,0,4148
WV,OH,1990,1672681,1672681
WV,OH,1994,0,1672681
WV,OH,1995,0,1672681
WV,OH,1996,0,1672681
WV,OH,1997,0,1672681
WV,OH,1998,22814,1695495
WV,OH,1999,0,1695495
WV,OH,2000,0,1695495
WV,OH,2001,0,1695495
WV,PA,1990,4639538,4639538
WV,PA,1994,46665,4686203
WV,PA,1995,46665,4732868
WV,PA,1996,25925,4758793
WV,PA,1997,97478,4856271
WV,PA,1998,33184,4889455
WV,PA,1999,0,4889455
WV,PA,2000,0,4889455
WV,PA,2001,0,4889455
WV,VA,1990,1763937,1763937
WV,VA,1994,263398,2027335
WV,VA,1995,0,2027335
WV,VA,1996,0,2027335
WV,VA,1997,158661,2185996
WV,VA,1998,49776,2235772
WV,VA,1999,0,2235772
WV,VA,2000,0,2235772
WV,VA,2001,0,2235772
WY,CO,1990,1447444.6,1447444.6
WY,CO,1994,52887,1500331.6
WY,CO,1995,0,1500331.6
WY,CO,1996,19703,1520034.6
WY,CO,1997,230214,1750248.6
WY,CO,1998,72590,1822838.6
WY,CO,1999,277916,2100754.6
WY,CO,2000,138128.4,2238883
WY,CO,2001,714285.6,2953168.6
WY,MT,1990,162809,162809
WY,MT,1994,116144,278953
WY,MT,1995,0,278953
WY,MT,1996,0,278953
WY,MT,1997,0,278953
WY,MT,1998,54961,333914
WY,MT,1999,0,333914
WY,MT,2000,41480,375394
WY,MT,2001,0,375394
WY,NE,1990,543388,543388
WY,NE,1994,0,525759
WY,NE,1995,0,525759
WY,NE,1996,0,525759
WY,NE,1997,373320,899079
WY,NE,1998,0,899079
WY,NE,1999,0,899079
WY,NE,2000,0,899079
WY,NE,2001,0,899079
WY,SD,1990,26962,26962
WY,SD,1994,1037,27999
WY,SD,1995,0,27999
WY,SD,1996,0,27999
WY,SD,1997,0,27999
WY,SD,1998,0,27999
WY,SD,1999,0,27999
WY,SD,2000,0,27999
WY,SD,2001,0,27999
WY,UT,1990,1535797,1535797
WY,UT,1994,860710,2396507
WY,UT,1995,0,2396507
WY,UT,1996,21777,2418284
WY,UT,1997,0,2418284
WY,UT,1998,138958,2557242
WY,UT,1999,0,2557242
WY,UT,2000,0,2557242
WY,UT,2001,181475,2738717
