GAS_ZONES,LNG_vaporization_predet_build_year,LNG_vaporization_predet_cap,LNG_vaporization_removed_cap,LNG_vaporization_total_cap
AL,1965,161280,0,161280
AL,1966,0,0,161280
AL,1967,0,0,161280
AL,1968,0,0,161280
AL,1969,0,0,161280
AL,1970,0,0,161280
AL,1971,0,0,161280
AL,1972,76800,0,238080
AL,1973,0,0,238080
AL,1974,0,0,238080
AL,1975,0,0,238080
AL,1976,0,0,238080
AL,1977,0,0,238080
AL,1978,0,0,238080
AL,1979,0,0,238080
AL,1980,0,0,238080
AL,1981,0,0,238080
AL,1982,0,0,238080
AL,1983,0,0,238080
AL,1984,0,0,238080
AL,1985,0,0,238080
AL,1986,0,0,238080
AL,1987,0,0,238080
AL,1988,0,0,238080
AL,1989,0,0,238080
AL,1990,0,0,238080
AL,1991,0,0,238080
AL,1992,0,0,238080
AL,1993,0,0,238080
AL,1994,0,0,238080
AL,1995,960,0,239040
AL,1996,0,0,239040
AL,1997,0,0,239040
AL,1998,0,0,239040
AL,1999,0,0,239040
AL,2000,0,0,239040
AL,2001,0,0,239040
AR,1965,0,0,0
AR,1966,0,0,0
AR,1967,0,0,0
AR,1968,0,0,0
AR,1969,0,0,0
AR,1970,0,0,0
AR,1971,0,0,0
AR,1972,34560,0,34560
AR,1973,0,0,34560
AR,1974,0,0,34560
AR,1975,0,0,34560
AR,1976,0,0,34560
AR,1977,0,0,34560
AR,1978,0,0,34560
AR,1979,0,0,34560
AR,1980,0,0,34560
AR,1981,0,0,34560
AR,1982,0,0,34560
AR,1983,0,0,34560
AR,1984,0,0,34560
AR,1985,0,0,34560
AR,1986,0,0,34560
AR,1987,0,0,34560
AR,1988,0,0,34560
AR,1989,0,0,34560
AR,1990,0,0,34560
AR,1991,0,0,34560
AR,1992,0,0,34560
AR,1993,0,0,34560
AR,1994,0,0,34560
AR,1995,0,0,34560
AR,1996,0,0,34560
AR,1997,0,0,34560
AR,1998,0,0,34560
AR,1999,0,0,34560
AR,2000,0,0,34560
AR,2001,0,0,34560
AZ,1965,7680,0,7680
AZ,1966,0,0,7680
AZ,1967,0,0,7680
AZ,1968,0,0,7680
AZ,1969,0,0,7680
AZ,1970,0,0,7680
AZ,1971,0,0,7680
AZ,1972,0,0,7680
AZ,1973,0,0,7680
AZ,1974,0,0,7680
AZ,1975,0,0,7680
AZ,1976,0,0,7680
AZ,1977,0,0,7680
AZ,1978,0,0,7680
AZ,1979,0,0,7680
AZ,1980,0,0,7680
AZ,1981,0,0,7680
AZ,1982,0,0,7680
AZ,1983,0,0,7680
AZ,1984,0,0,7680
AZ,1985,0,0,7680
AZ,1986,0,0,7680
AZ,1987,0,0,7680
AZ,1988,0,0,7680
AZ,1989,0,0,7680
AZ,1990,0,0,7680
AZ,1991,0,0,7680
AZ,1992,0,0,7680
AZ,1993,0,0,7680
AZ,1994,0,0,7680
AZ,1995,0,0,7680
AZ,1996,0,0,7680
AZ,1997,0,0,7680
AZ,1998,0,0,7680
AZ,1999,0,0,7680
AZ,2000,0,0,7680
AZ,2001,0,0,7680
CA,1965,0,0,0
CA,1966,0,0,0
CA,1967,0,0,0
CA,1968,228,0,228.48
CA,1969,0,0,228.48
CA,1970,0,0,228.48
CA,1971,0,0,228.48
CA,1972,0,0,228.48
CA,1973,0,0,228.48
CA,1974,0,0,228.48
CA,1975,0,0,228.48
CA,1976,0,0,228.48
CA,1977,0,0,228.48
CA,1978,0,0,228.48
CA,1979,0,0,228.48
CA,1980,0,0,228.48
CA,1981,0,0,228.48
CA,1982,0,0,228.48
CA,1983,0,0,228.48
CA,1984,0,0,228.48
CA,1985,0,0,228.48
CA,1986,0,0,228.48
CA,1987,0,0,228.48
CA,1988,0,0,228.48
CA,1989,0,0,228.48
CA,1990,0,0,228.48
CA,1991,0,0,228.48
CA,1992,0,0,228.48
CA,1993,0,0,228.48
CA,1994,0,0,228.48
CA,1995,0,0,228.48
CA,1996,0,0,228.48
CA,1997,0,0,228.48
CA,1998,0,0,228.48
CA,1999,0,0,228.48
CA,2000,0,0,228.48
CA,2001,0,0,228.48
CO,1965,0,0,0
CO,1966,0,0,0
CO,1967,0,0,0
CO,1968,0,0,0
CO,1969,0,0,0
CO,1970,0,0,0
CO,1971,0,0,0
CO,1972,0,0,0
CO,1973,0,0,0
CO,1974,0,0,0
CO,1975,0,0,0
CO,1976,0,0,0
CO,1977,0,0,0
CO,1978,0,0,0
CO,1979,0,0,0
CO,1980,0,0,0
CO,1981,0,0,0
CO,1982,0,0,0
CO,1983,0,0,0
CO,1984,0,0,0
CO,1985,0,0,0
CO,1986,0,0,0
CO,1987,0,0,0
CO,1988,0,0,0
CO,1989,0,0,0
CO,1990,0,0,0
CO,1991,0,0,0
CO,1992,0,0,0
CO,1993,0,0,0
CO,1994,0,0,0
CO,1995,0,0,0
CO,1996,0,0,0
CO,1997,0,0,0
CO,1998,0,0,0
CO,1999,0,0,0
CO,2000,0,0,0
CO,2001,0,0,0
CT,1965,0,0,0
CT,1966,0,0,0
CT,1967,0,0,0
CT,1968,0,0,0
CT,1969,0,0,0
CT,1970,0,0,0
CT,1971,0,0,0
CT,1972,172800,0,172800
CT,1973,0,0,172800
CT,1974,6720,0,179520
CT,1975,0,0,179520
CT,1976,0,0,179520
CT,1977,0,0,179520
CT,1978,0,0,179520
CT,1979,0,0,179520
CT,1980,0,0,179520
CT,1981,0,0,179520
CT,1982,0,0,179520
CT,1983,0,0,179520
CT,1984,0,0,179520
CT,1985,0,0,179520
CT,1986,0,0,179520
CT,1987,0,0,179520
CT,1988,0,0,179520
CT,1989,0,0,179520
CT,1990,0,0,179520
CT,1991,0,0,179520
CT,1992,0,0,179520
CT,1993,0,0,179520
CT,1994,0,0,179520
CT,1995,0,0,179520
CT,1996,0,0,179520
CT,1997,0,0,179520
CT,1998,0,0,179520
CT,1999,0,0,179520
CT,2000,0,0,179520
CT,2001,0,0,179520
DC,1965,0,0,0
DC,1966,0,0,0
DC,1967,0,0,0
DC,1968,0,0,0
DC,1969,0,0,0
DC,1970,0,0,0
DC,1971,0,0,0
DC,1972,0,0,0
DC,1973,0,0,0
DC,1974,0,0,0
DC,1975,0,0,0
DC,1976,0,0,0
DC,1977,0,0,0
DC,1978,0,0,0
DC,1979,0,0,0
DC,1980,0,0,0
DC,1981,0,0,0
DC,1982,0,0,0
DC,1983,0,0,0
DC,1984,0,0,0
DC,1985,0,0,0
DC,1986,0,0,0
DC,1987,0,0,0
DC,1988,0,0,0
DC,1989,0,0,0
DC,1990,0,0,0
DC,1991,0,0,0
DC,1992,0,0,0
DC,1993,0,0,0
DC,1994,0,0,0
DC,1995,0,0,0
DC,1996,0,0,0
DC,1997,0,0,0
DC,1998,0,0,0
DC,1999,0,0,0
DC,2000,0,0,0
DC,2001,0,0,0
DE,1965,0,0,0
DE,1966,0,0,0
DE,1967,0,0,0
DE,1968,0,0,0
DE,1969,0,0,0
DE,1970,0,0,0
DE,1971,48000,0,48000
DE,1972,0,0,48000
DE,1973,0,0,48000
DE,1974,0,0,48000
DE,1975,0,0,48000
DE,1976,0,0,48000
DE,1977,0,0,48000
DE,1978,0,0,48000
DE,1979,0,0,48000
DE,1980,0,0,48000
DE,1981,0,0,48000
DE,1982,0,0,48000
DE,1983,0,0,48000
DE,1984,0,0,48000
DE,1985,0,0,48000
DE,1986,0,0,48000
DE,1987,0,0,48000
DE,1988,0,0,48000
DE,1989,0,0,48000
DE,1990,0,0,48000
DE,1991,0,0,48000
DE,1992,0,0,48000
DE,1993,0,0,48000
DE,1994,0,0,48000
DE,1995,0,0,48000
DE,1996,0,0,48000
DE,1997,0,0,48000
DE,1998,0,0,48000
DE,1999,0,0,48000
DE,2000,0,0,48000
DE,2001,0,0,48000
FL,1965,0,0,0
FL,1966,0,0,0
FL,1967,0,0,0
FL,1968,0,0,0
FL,1969,0,0,0
FL,1970,0,0,0
FL,1971,0,0,0
FL,1972,0,0,0
FL,1973,0,0,0
FL,1974,0,0,0
FL,1975,0,0,0
FL,1976,0,0,0
FL,1977,0,0,0
FL,1978,0,0,0
FL,1979,0,0,0
FL,1980,0,0,0
FL,1981,0,0,0
FL,1982,0,0,0
FL,1983,0,0,0
FL,1984,0,0,0
FL,1985,0,0,0
FL,1986,0,0,0
FL,1987,0,0,0
FL,1988,0,0,0
FL,1989,0,0,0
FL,1990,0,0,0
FL,1991,0,0,0
FL,1992,0,0,0
FL,1993,0,0,0
FL,1994,0,0,0
FL,1995,0,0,0
FL,1996,0,0,0
FL,1997,0,0,0
FL,1998,0,0,0
FL,1999,0,0,0
FL,2000,0,0,0
FL,2001,0,0,0
GA,1965,0,0,0
GA,1966,0,0,0
GA,1967,0,0,0
GA,1968,0,0,0
GA,1969,0,0,0
GA,1970,0,0,0
GA,1971,0,0,0
GA,1972,407040,0,407040
GA,1973,0,0,407040
GA,1974,28800,0,435840
GA,1975,0,0,435840
GA,1976,0,0,435840
GA,1977,144000,0,579840
GA,1978,0,0,579840
GA,1979,0,0,579840
GA,1980,0,0,579840
GA,1981,0,0,579840
GA,1982,0,0,579840
GA,1983,0,0,579840
GA,1984,0,0,579840
GA,1985,0,0,579840
GA,1986,0,0,579840
GA,1987,0,0,579840
GA,1988,599040,0,1178880
GA,1989,0,0,1178880
GA,1990,0,0,1178880
GA,1991,0,0,1178880
GA,1992,0,0,1178880
GA,1993,0,0,1178880
GA,1994,0,0,1178880
GA,1995,0,0,1178880
GA,1996,0,0,1178880
GA,1997,0,0,1178880
GA,1998,0,0,1178880
GA,1999,0,0,1178880
GA,2000,0,0,1178880
GA,2001,1920,0,1180800
IA,1965,0,0,0
IA,1966,0,0,0
IA,1967,0,0,0
IA,1968,0,0,0
IA,1969,0,0,0
IA,1970,0,0,0
IA,1971,0,0,0
IA,1972,46080,0,46080
IA,1973,0,0,46080
IA,1974,0,0,46080
IA,1975,40320,0,86400
IA,1976,28800,0,115200
IA,1977,0,0,115200
IA,1978,288000,0,403200
IA,1979,0,0,403200
IA,1980,0,0,403200
IA,1981,0,0,403200
IA,1982,0,0,403200
IA,1983,0,0,403200
IA,1984,0,0,403200
IA,1985,0,0,403200
IA,1986,0,0,403200
IA,1987,0,0,403200
IA,1988,0,0,403200
IA,1989,0,0,403200
IA,1990,0,0,403200
IA,1991,0,0,403200
IA,1992,0,0,403200
IA,1993,0,0,403200
IA,1994,0,0,403200
IA,1995,0,0,403200
IA,1996,0,0,403200
IA,1997,0,0,403200
IA,1998,0,0,403200
IA,1999,0,0,403200
IA,2000,0,0,403200
IA,2001,0,0,403200
ID,1965,0,0,0
ID,1966,0,0,0
ID,1967,0,0,0
ID,1968,0,0,0
ID,1969,0,0,0
ID,1970,0,0,0
ID,1971,0,0,0
ID,1972,0,0,0
ID,1973,0,0,0
ID,1974,960,0,960
ID,1975,0,0,960
ID,1976,0,0,960
ID,1977,0,0,960
ID,1978,0,0,960
ID,1979,0,0,960
ID,1980,0,0,960
ID,1981,0,0,960
ID,1982,0,0,960
ID,1983,0,0,960
ID,1984,0,0,960
ID,1985,0,0,960
ID,1986,0,0,960
ID,1987,0,0,960
ID,1988,0,0,960
ID,1989,0,0,960
ID,1990,0,0,960
ID,1991,0,0,960
ID,1992,0,0,960
ID,1993,0,0,960
ID,1994,0,0,960
ID,1995,0,0,960
ID,1996,0,0,960
ID,1997,0,0,960
ID,1998,0,0,960
ID,1999,0,0,960
ID,2000,0,0,960
ID,2001,0,0,960
IL,1965,0,0,0
IL,1966,0,0,0
IL,1967,0,0,0
IL,1968,0,0,0
IL,1969,0,0,0
IL,1970,0,0,0
IL,1971,0,0,0
IL,1972,288000,0,288000
IL,1973,0,0,288000
IL,1974,0,0,288000
IL,1975,0,0,288000
IL,1976,0,0,288000
IL,1977,0,0,288000
IL,1978,0,0,288000
IL,1979,0,0,288000
IL,1980,0,0,288000
IL,1981,0,0,288000
IL,1982,0,0,288000
IL,1983,0,0,288000
IL,1984,0,0,288000
IL,1985,0,0,288000
IL,1986,0,0,288000
IL,1987,0,0,288000
IL,1988,0,0,288000
IL,1989,0,0,288000
IL,1990,0,0,288000
IL,1991,0,0,288000
IL,1992,0,0,288000
IL,1993,0,0,288000
IL,1994,0,0,288000
IL,1995,0,0,288000
IL,1996,0,0,288000
IL,1997,0,0,288000
IL,1998,0,0,288000
IL,1999,0,0,288000
IL,2000,0,0,288000
IL,2001,0,0,288000
IN,1965,0,0,0
IN,1966,0,0,0
IN,1967,0,0,0
IN,1968,0,0,0
IN,1969,0,0,0
IN,1970,0,0,0
IN,1971,0,0,0
IN,1972,172800,0,172800
IN,1973,28800,0,201600
IN,1974,384000,0,585600
IN,1975,0,0,585600
IN,1976,0,0,585600
IN,1977,0,0,585600
IN,1978,0,0,585600
IN,1979,0,0,585600
IN,1980,0,0,585600
IN,1981,0,0,585600
IN,1982,0,0,585600
IN,1983,0,0,585600
IN,1984,0,0,585600
IN,1985,0,0,585600
IN,1986,0,0,585600
IN,1987,0,0,585600
IN,1988,0,0,585600
IN,1989,0,0,585600
IN,1990,0,0,585600
IN,1991,172800,0,758400
IN,1992,0,0,758400
IN,1993,0,0,758400
IN,1994,0,0,758400
IN,1995,0,0,758400
IN,1996,0,0,758400
IN,1997,0,0,758400
IN,1998,0,0,758400
IN,1999,0,0,758400
IN,2000,0,0,758400
IN,2001,0,0,758400
KS,1965,0,0,0
KS,1966,0,0,0
KS,1967,0,0,0
KS,1968,0,0,0
KS,1969,0,0,0
KS,1970,0,0,0
KS,1971,0,0,0
KS,1972,0,0,0
KS,1973,0,0,0
KS,1974,0,0,0
KS,1975,0,0,0
KS,1976,0,0,0
KS,1977,0,0,0
KS,1978,0,0,0
KS,1979,0,0,0
KS,1980,0,0,0
KS,1981,0,0,0
KS,1982,0,0,0
KS,1983,0,0,0
KS,1984,0,0,0
KS,1985,0,0,0
KS,1986,0,0,0
KS,1987,0,0,0
KS,1988,0,0,0
KS,1989,0,0,0
KS,1990,0,0,0
KS,1991,0,0,0
KS,1992,0,0,0
KS,1993,0,0,0
KS,1994,0,0,0
KS,1995,0,0,0
KS,1996,0,0,0
KS,1997,0,0,0
KS,1998,0,0,0
KS,1999,0,0,0
KS,2000,0,0,0
KS,2001,0,0,0
KY,1965,0,0,0
KY,1966,0,0,0
KY,1967,0,0,0
KY,1968,0,0,0
KY,1969,0,0,0
KY,1970,0,0,0
KY,1971,0,0,0
KY,1972,0,0,0
KY,1973,0,0,0
KY,1974,0,0,0
KY,1975,0,0,0
KY,1976,0,0,0
KY,1977,0,0,0
KY,1978,0,0,0
KY,1979,0,0,0
KY,1980,0,0,0
KY,1981,0,0,0
KY,1982,0,0,0
KY,1983,0,0,0
KY,1984,0,0,0
KY,1985,0,0,0
KY,1986,0,0,0
KY,1987,0,0,0
KY,1988,0,0,0
KY,1989,0,0,0
KY,1990,0,0,0
KY,1991,0,0,0
KY,1992,0,0,0
KY,1993,0,0,0
KY,1994,0,0,0
KY,1995,0,0,0
KY,1996,0,0,0
KY,1997,0,0,0
KY,1998,0,0,0
KY,1999,0,0,0
KY,2000,0,0,0
KY,2001,0,0,0
LA,1965,0,0,0
LA,1966,0,0,0
LA,1967,0,0,0
LA,1968,0,0,0
LA,1969,0,0,0
LA,1970,0,0,0
LA,1971,0,0,0
LA,1972,0,0,0
LA,1973,0,0,0
LA,1974,0,0,0
LA,1975,0,0,0
LA,1976,0,0,0
LA,1977,0,0,0
LA,1978,0,0,0
LA,1979,0,0,0
LA,1980,0,0,0
LA,1981,0,0,0
LA,1982,2016000,0,2016000
LA,1983,0,0,2016000
LA,1984,0,0,2016000
LA,1985,0,0,2016000
LA,1986,0,0,2016000
LA,1987,0,0,2016000
LA,1988,0,0,2016000
LA,1989,0,0,2016000
LA,1990,0,0,2016000
LA,1991,0,0,2016000
LA,1992,0,0,2016000
LA,1993,0,0,2016000
LA,1994,0,0,2016000
LA,1995,0,0,2016000
LA,1996,0,0,2016000
LA,1997,0,0,2016000
LA,1998,0,0,2016000
LA,1999,0,0,2016000
LA,2000,0,0,2016000
LA,2001,0,0,2016000
MA,1965,384000,0,384000
MA,1966,0,0,384000
MA,1967,0,0,384000
MA,1968,0,0,384000
MA,1969,288000,0,672000
MA,1970,2092800,0,2764800
MA,1971,17966400,0,20731200
MA,1972,245760,0,20976960
MA,1973,0,0,20976960
MA,1974,48000,0,21024960
MA,1975,38400,0,21063360
MA,1976,0,0,21063360
MA,1977,0,0,21063360
MA,1978,0,0,21063360
MA,1979,0,0,21063360
MA,1980,0,0,21063360
MA,1981,0,0,21063360
MA,1982,0,0,21063360
MA,1983,0,0,21063360
MA,1984,0,0,21063360
MA,1985,0,0,21063360
MA,1986,0,0,21063360
MA,1987,0,0,21063360
MA,1988,0,0,21063360
MA,1989,0,0,21063360
MA,1990,0,0,21063360
MA,1991,0,0,21063360
MA,1992,0,0,21063360
MA,1993,0,0,21063360
MA,1994,0,0,21063360
MA,1995,0,0,21063360
MA,1996,0,0,21063360
MA,1997,0,0,21063360
MA,1998,0,0,21063360
MA,1999,0,0,21063360
MA,2000,2880,0,21066240
MA,2001,0,0,21066240
MD,1965,0,0,0
MD,1966,0,0,0
MD,1967,0,0,0
MD,1968,0,0,0
MD,1969,0,0,0
MD,1970,0,0,0
MD,1971,299520,0,299520
MD,1972,0,0,299520
MD,1973,0,0,299520
MD,1974,0,0,299520
MD,1975,0,0,299520
MD,1976,0,0,299520
MD,1977,0,0,299520
MD,1978,1728000,0,2027520
MD,1979,0,0,2027520
MD,1980,0,0,2027520
MD,1981,0,0,2027520
MD,1982,0,0,2027520
MD,1983,0,0,2027520
MD,1984,0,0,2027520
MD,1985,0,0,2027520
MD,1986,0,0,2027520
MD,1987,0,0,2027520
MD,1988,0,0,2027520
MD,1989,0,0,2027520
MD,1990,0,0,2027520
MD,1991,0,0,2027520
MD,1992,0,0,2027520
MD,1993,0,0,2027520
MD,1994,0,0,2027520
MD,1995,0,0,2027520
MD,1996,0,0,2027520
MD,1997,0,0,2027520
MD,1998,0,0,2027520
MD,1999,0,0,2027520
MD,2000,5760,0,2033280
MD,2001,0,0,2033280
ME,1965,0,0,0
ME,1966,0,0,0
ME,1967,0,0,0
ME,1968,0,0,0
ME,1969,0,0,0
ME,1970,0,0,0
ME,1971,32640,0,32640
ME,1972,0,0,32640
ME,1973,0,0,32640
ME,1974,0,0,32640
ME,1975,0,0,32640
ME,1976,0,0,32640
ME,1977,0,0,32640
ME,1978,0,0,32640
ME,1979,0,0,32640
ME,1980,0,0,32640
ME,1981,0,0,32640
ME,1982,0,0,32640
ME,1983,0,0,32640
ME,1984,0,0,32640
ME,1985,0,0,32640
ME,1986,0,0,32640
ME,1987,0,0,32640
ME,1988,0,0,32640
ME,1989,0,0,32640
ME,1990,0,0,32640
ME,1991,0,0,32640
ME,1992,0,0,32640
ME,1993,0,0,32640
ME,1994,0,0,32640
ME,1995,0,0,32640
ME,1996,0,0,32640
ME,1997,0,0,32640
ME,1998,0,0,32640
ME,1999,0,0,32640
ME,2000,0,0,32640
ME,2001,0,0,32640
MI,1965,0,0,0
MI,1966,0,0,0
MI,1967,0,0,0
MI,1968,0,0,0
MI,1969,0,0,0
MI,1970,0,0,0
MI,1971,0,0,0
MI,1972,0,0,0
MI,1973,0,0,0
MI,1974,0,0,0
MI,1975,0,0,0
MI,1976,0,0,0
MI,1977,0,0,0
MI,1978,0,0,0
MI,1979,0,0,0
MI,1980,0,0,0
MI,1981,0,0,0
MI,1982,0,0,0
MI,1983,0,0,0
MI,1984,0,0,0
MI,1985,0,0,0
MI,1986,0,0,0
MI,1987,0,0,0
MI,1988,0,0,0
MI,1989,0,0,0
MI,1990,0,0,0
MI,1991,0,0,0
MI,1992,0,0,0
MI,1993,0,0,0
MI,1994,0,0,0
MI,1995,0,0,0
MI,1996,0,0,0
MI,1997,0,0,0
MI,1998,0,0,0
MI,1999,0,0,0
MI,2000,0,0,0
MI,2001,0,0,0
MN,1965,0,0,0
MN,1966,0,0,0
MN,1967,0,0,0
MN,1968,0,0,0
MN,1969,0,0,0
MN,1970,0,0,0
MN,1971,0,0,0
MN,1972,0,0,0
MN,1973,0,0,0
MN,1974,0,0,0
MN,1975,69648000,0,69648000
MN,1976,0,0,69648000
MN,1977,0,0,69648000
MN,1978,0,0,69648000
MN,1979,691200,0,70339200
MN,1980,0,0,70339200
MN,1981,0,0,70339200
MN,1982,0,0,70339200
MN,1983,0,0,70339200
MN,1984,0,0,70339200
MN,1985,0,0,70339200
MN,1986,0,0,70339200
MN,1987,0,0,70339200
MN,1988,0,0,70339200
MN,1989,0,0,70339200
MN,1990,0,0,70339200
MN,1991,0,0,70339200
MN,1992,0,0,70339200
MN,1993,0,0,70339200
MN,1994,0,0,70339200
MN,1995,0,0,70339200
MN,1996,0,0,70339200
MN,1997,0,0,70339200
MN,1998,0,0,70339200
MN,1999,0,0,70339200
MN,2000,0,0,70339200
MN,2001,0,0,70339200
MO,1965,0,0,0
MO,1966,0,0,0
MO,1967,0,0,0
MO,1968,0,0,0
MO,1969,0,0,0
MO,1970,0,0,0
MO,1971,0,0,0
MO,1972,0,0,0
MO,1973,0,0,0
MO,1974,0,0,0
MO,1975,0,0,0
MO,1976,0,0,0
MO,1977,0,0,0
MO,1978,0,0,0
MO,1979,0,0,0
MO,1980,0,0,0
MO,1981,0,0,0
MO,1982,0,0,0
MO,1983,0,0,0
MO,1984,0,0,0
MO,1985,0,0,0
MO,1986,0,0,0
MO,1987,0,0,0
MO,1988,0,0,0
MO,1989,0,0,0
MO,1990,0,0,0
MO,1991,0,0,0
MO,1992,0,0,0
MO,1993,0,0,0
MO,1994,0,0,0
MO,1995,0,0,0
MO,1996,0,0,0
MO,1997,0,0,0
MO,1998,0,0,0
MO,1999,0,0,0
MO,2000,0,0,0
MO,2001,0,0,0
MS,1965,0,0,0
MS,1966,0,0,0
MS,1967,0,0,0
MS,1968,0,0,0
MS,1969,0,0,0
MS,1970,0,0,0
MS,1971,0,0,0
MS,1972,0,0,0
MS,1973,0,0,0
MS,1974,0,0,0
MS,1975,0,0,0
MS,1976,0,0,0
MS,1977,0,0,0
MS,1978,0,0,0
MS,1979,0,0,0
MS,1980,0,0,0
MS,1981,0,0,0
MS,1982,0,0,0
MS,1983,0,0,0
MS,1984,0,0,0
MS,1985,0,0,0
MS,1986,0,0,0
MS,1987,0,0,0
MS,1988,0,0,0
MS,1989,0,0,0
MS,1990,0,0,0
MS,1991,0,0,0
MS,1992,0,0,0
MS,1993,0,0,0
MS,1994,0,0,0
MS,1995,0,0,0
MS,1996,0,0,0
MS,1997,0,0,0
MS,1998,0,0,0
MS,1999,0,0,0
MS,2000,0,0,0
MS,2001,0,0,0
MT,1965,0,0,0
MT,1966,0,0,0
MT,1967,0,0,0
MT,1968,0,0,0
MT,1969,0,0,0
MT,1970,0,0,0
MT,1971,0,0,0
MT,1972,0,0,0
MT,1973,0,0,0
MT,1974,0,0,0
MT,1975,0,0,0
MT,1976,0,0,0
MT,1977,0,0,0
MT,1978,0,0,0
MT,1979,0,0,0
MT,1980,0,0,0
MT,1981,0,0,0
MT,1982,0,0,0
MT,1983,0,0,0
MT,1984,0,0,0
MT,1985,0,0,0
MT,1986,0,0,0
MT,1987,0,0,0
MT,1988,0,0,0
MT,1989,0,0,0
MT,1990,0,0,0
MT,1991,0,0,0
MT,1992,0,0,0
MT,1993,0,0,0
MT,1994,0,0,0
MT,1995,1920,0,1920
MT,1996,0,0,1920
MT,1997,0,0,1920
MT,1998,0,0,1920
MT,1999,0,0,1920
MT,2000,0,0,1920
MT,2001,0,0,1920
NC,1965,0,0,0
NC,1966,0,0,0
NC,1967,0,0,0
NC,1968,0,0,0
NC,1969,0,0,0
NC,1970,0,0,0
NC,1971,0,0,0
NC,1972,0,0,0
NC,1973,192000,0,192000
NC,1974,0,0,192000
NC,1975,0,0,192000
NC,1976,105600,0,297600
NC,1977,0,0,297600
NC,1978,0,0,297600
NC,1979,0,0,297600
NC,1980,0,0,297600
NC,1981,0,0,297600
NC,1982,0,0,297600
NC,1983,0,0,297600
NC,1984,0,0,297600
NC,1985,0,0,297600
NC,1986,144000,0,441600
NC,1987,0,0,441600
NC,1988,0,0,441600
NC,1989,0,0,441600
NC,1990,0,0,441600
NC,1991,0,0,441600
NC,1992,0,0,441600
NC,1993,0,0,441600
NC,1994,0,0,441600
NC,1995,0,0,441600
NC,1996,0,0,441600
NC,1997,23040,0,464640
NC,1998,0,0,464640
NC,1999,384000,0,848640
NC,2000,0,0,848640
NC,2001,0,0,848640
ND,1965,0,0,0
ND,1966,0,0,0
ND,1967,0,0,0
ND,1968,0,0,0
ND,1969,0,0,0
ND,1970,0,0,0
ND,1971,0,0,0
ND,1972,0,0,0
ND,1973,0,0,0
ND,1974,0,0,0
ND,1975,0,0,0
ND,1976,0,0,0
ND,1977,0,0,0
ND,1978,0,0,0
ND,1979,0,0,0
ND,1980,0,0,0
ND,1981,0,0,0
ND,1982,0,0,0
ND,1983,0,0,0
ND,1984,0,0,0
ND,1985,0,0,0
ND,1986,0,0,0
ND,1987,0,0,0
ND,1988,0,0,0
ND,1989,0,0,0
ND,1990,0,0,0
ND,1991,0,0,0
ND,1992,0,0,0
ND,1993,0,0,0
ND,1994,0,0,0
ND,1995,0,0,0
ND,1996,0,0,0
ND,1997,0,0,0
ND,1998,0,0,0
ND,1999,0,0,0
ND,2000,0,0,0
ND,2001,0,0,0
NE,1965,57600,0,57600
NE,1966,0,0,57600
NE,1967,0,0,57600
NE,1968,0,0,57600
NE,1969,0,0,57600
NE,1970,0,0,57600
NE,1971,0,0,57600
NE,1972,0,0,57600
NE,1973,0,0,57600
NE,1974,0,0,57600
NE,1975,0,0,57600
NE,1976,0,0,57600
NE,1977,0,0,57600
NE,1978,0,0,57600
NE,1979,0,0,57600
NE,1980,0,0,57600
NE,1981,0,0,57600
NE,1982,0,0,57600
NE,1983,0,0,57600
NE,1984,0,0,57600
NE,1985,0,0,57600
NE,1986,0,0,57600
NE,1987,0,0,57600
NE,1988,0,0,57600
NE,1989,0,0,57600
NE,1990,0,0,57600
NE,1991,0,0,57600
NE,1992,0,0,57600
NE,1993,0,0,57600
NE,1994,0,0,57600
NE,1995,0,0,57600
NE,1996,0,0,57600
NE,1997,0,0,57600
NE,1998,0,0,57600
NE,1999,0,0,57600
NE,2000,0,0,57600
NE,2001,0,0,57600
NH,1965,0,0,0
NH,1966,0,0,0
NH,1967,0,0,0
NH,1968,0,0,0
NH,1969,0,0,0
NH,1970,0,0,0
NH,1971,0,0,0
NH,1972,4800,0,4800
NH,1973,4800,0,9600
NH,1974,4800,0,14400
NH,1975,0,0,14400
NH,1976,0,0,14400
NH,1977,0,0,14400
NH,1978,0,0,14400
NH,1979,0,0,14400
NH,1980,0,0,14400
NH,1981,0,0,14400
NH,1982,0,0,14400
NH,1983,0,0,14400
NH,1984,0,0,14400
NH,1985,0,0,14400
NH,1986,0,0,14400
NH,1987,0,0,14400
NH,1988,0,0,14400
NH,1989,0,0,14400
NH,1990,0,0,14400
NH,1991,0,0,14400
NH,1992,0,0,14400
NH,1993,0,0,14400
NH,1994,0,0,14400
NH,1995,0,0,14400
NH,1996,0,0,14400
NH,1997,0,0,14400
NH,1998,0,0,14400
NH,1999,0,0,14400
NH,2000,0,0,14400
NH,2001,0,0,14400
NJ,1965,384000,0,384000
NJ,1966,0,0,384000
NJ,1967,0,0,384000
NJ,1968,0,0,384000
NJ,1969,0,0,384000
NJ,1970,0,0,384000
NJ,1971,28800,0,412800
NJ,1972,95040,0,507840
NJ,1973,230400,0,738240
NJ,1974,0,0,738240
NJ,1975,0,0,738240
NJ,1976,0,0,738240
NJ,1977,0,0,738240
NJ,1978,0,0,738240
NJ,1979,0,0,738240
NJ,1980,0,0,738240
NJ,1981,0,0,738240
NJ,1982,0,0,738240
NJ,1983,0,0,738240
NJ,1984,0,0,738240
NJ,1985,0,0,738240
NJ,1986,0,0,738240
NJ,1987,0,0,738240
NJ,1988,0,0,738240
NJ,1989,0,0,738240
NJ,1990,0,0,738240
NJ,1991,0,0,738240
NJ,1992,0,0,738240
NJ,1993,0,0,738240
NJ,1994,0,0,738240
NJ,1995,0,0,738240
NJ,1996,0,0,738240
NJ,1997,0,0,738240
NJ,1998,0,0,738240
NJ,1999,0,0,738240
NJ,2000,0,0,738240
NJ,2001,0,0,738240
NM,1965,0,0,0
NM,1966,0,0,0
NM,1967,0,0,0
NM,1968,0,0,0
NM,1969,0,0,0
NM,1970,0,0,0
NM,1971,0,0,0
NM,1972,0,0,0
NM,1973,0,0,0
NM,1974,0,0,0
NM,1975,0,0,0
NM,1976,0,0,0
NM,1977,0,0,0
NM,1978,0,0,0
NM,1979,0,0,0
NM,1980,0,0,0
NM,1981,0,0,0
NM,1982,0,0,0
NM,1983,0,0,0
NM,1984,0,0,0
NM,1985,0,0,0
NM,1986,0,0,0
NM,1987,0,0,0
NM,1988,0,0,0
NM,1989,0,0,0
NM,1990,0,0,0
NM,1991,0,0,0
NM,1992,0,0,0
NM,1993,0,0,0
NM,1994,0,0,0
NM,1995,0,0,0
NM,1996,0,0,0
NM,1997,0,0,0
NM,1998,0,0,0
NM,1999,0,0,0
NM,2000,0,0,0
NM,2001,0,0,0
NV,1965,0,0,0
NV,1966,0,0,0
NV,1967,0,0,0
NV,1968,0,0,0
NV,1969,0,0,0
NV,1970,0,0,0
NV,1971,0,0,0
NV,1972,0,0,0
NV,1973,0,0,0
NV,1974,0,0,0
NV,1975,0,0,0
NV,1976,0,0,0
NV,1977,0,0,0
NV,1978,0,0,0
NV,1979,0,0,0
NV,1980,0,0,0
NV,1981,0,0,0
NV,1982,100800,0,100800
NV,1983,0,0,100800
NV,1984,0,0,100800
NV,1985,0,0,100800
NV,1986,0,0,100800
NV,1987,0,0,100800
NV,1988,0,0,100800
NV,1989,0,0,100800
NV,1990,0,0,100800
NV,1991,0,0,100800
NV,1992,0,0,100800
NV,1993,0,0,100800
NV,1994,0,0,100800
NV,1995,0,0,100800
NV,1996,0,0,100800
NV,1997,0,0,100800
NV,1998,0,0,100800
NV,1999,0,0,100800
NV,2000,0,0,100800
NV,2001,0,0,100800
NY,1965,0,0,0
NY,1966,0,0,0
NY,1967,0,0,0
NY,1968,115200,0,115200
NY,1969,0,0,115200
NY,1970,0,0,115200
NY,1971,48000,0,163200
NY,1972,0,0,163200
NY,1973,0,0,163200
NY,1974,230400,0,393600
NY,1975,0,0,393600
NY,1976,0,0,393600
NY,1977,0,0,393600
NY,1978,0,0,393600
NY,1979,0,0,393600
NY,1980,0,0,393600
NY,1981,0,0,393600
NY,1982,0,0,393600
NY,1983,0,0,393600
NY,1984,0,0,393600
NY,1985,0,0,393600
NY,1986,0,0,393600
NY,1987,0,0,393600
NY,1988,0,0,393600
NY,1989,0,0,393600
NY,1990,0,0,393600
NY,1991,0,0,393600
NY,1992,0,0,393600
NY,1993,0,0,393600
NY,1994,0,0,393600
NY,1995,0,0,393600
NY,1996,0,0,393600
NY,1997,0,0,393600
NY,1998,0,0,393600
NY,1999,0,0,393600
NY,2000,0,0,393600
NY,2001,0,0,393600
OH,1965,0,0,0
OH,1966,0,0,0
OH,1967,0,0,0
OH,1968,0,0,0
OH,1969,0,0,0
OH,1970,0,0,0
OH,1971,0,0,0
OH,1972,0,0,0
OH,1973,0,0,0
OH,1974,0,0,0
OH,1975,0,0,0
OH,1976,0,0,0
OH,1977,0,0,0
OH,1978,0,0,0
OH,1979,0,0,0
OH,1980,0,0,0
OH,1981,0,0,0
OH,1982,0,0,0
OH,1983,0,0,0
OH,1984,0,0,0
OH,1985,0,0,0
OH,1986,0,0,0
OH,1987,0,0,0
OH,1988,0,0,0
OH,1989,0,0,0
OH,1990,0,0,0
OH,1991,0,0,0
OH,1992,0,0,0
OH,1993,0,0,0
OH,1994,0,0,0
OH,1995,0,0,0
OH,1996,0,0,0
OH,1997,0,0,0
OH,1998,0,0,0
OH,1999,0,0,0
OH,2000,0,0,0
OH,2001,0,0,0
OK,1965,0,0,0
OK,1966,0,0,0
OK,1967,0,0,0
OK,1968,0,0,0
OK,1969,0,0,0
OK,1970,0,0,0
OK,1971,0,0,0
OK,1972,0,0,0
OK,1973,0,0,0
OK,1974,0,0,0
OK,1975,0,0,0
OK,1976,0,0,0
OK,1977,0,0,0
OK,1978,0,0,0
OK,1979,0,0,0
OK,1980,0,0,0
OK,1981,0,0,0
OK,1982,0,0,0
OK,1983,0,0,0
OK,1984,0,0,0
OK,1985,0,0,0
OK,1986,0,0,0
OK,1987,0,0,0
OK,1988,0,0,0
OK,1989,0,0,0
OK,1990,0,0,0
OK,1991,0,0,0
OK,1992,0,0,0
OK,1993,0,0,0
OK,1994,0,0,0
OK,1995,0,0,0
OK,1996,0,0,0
OK,1997,0,0,0
OK,1998,0,0,0
OK,1999,0,0,0
OK,2000,0,0,0
OK,2001,0,0,0
OR,1965,0,0,0
OR,1966,0,0,0
OR,1967,0,0,0
OR,1968,0,0,0
OR,1969,115200,0,115200
OR,1970,0,0,115200
OR,1971,960,0,116160
OR,1972,0,0,116160
OR,1973,0,0,116160
OR,1974,0,0,116160
OR,1975,0,0,116160
OR,1976,0,0,116160
OR,1977,96000,0,212160
OR,1978,0,0,212160
OR,1979,0,0,212160
OR,1980,0,0,212160
OR,1981,0,0,212160
OR,1982,0,0,212160
OR,1983,0,0,212160
OR,1984,0,0,212160
OR,1985,0,0,212160
OR,1986,0,0,212160
OR,1987,0,0,212160
OR,1988,0,0,212160
OR,1989,0,0,212160
OR,1990,0,0,212160
OR,1991,0,0,212160
OR,1992,0,0,212160
OR,1993,0,0,212160
OR,1994,0,0,212160
OR,1995,0,0,212160
OR,1996,0,0,212160
OR,1997,0,0,212160
OR,1998,0,0,212160
OR,1999,0,0,212160
OR,2000,0,0,212160
OR,2001,0,0,212160
PA,1965,0,0,0
PA,1966,0,0,0
PA,1967,0,0,0
PA,1968,0,0,0
PA,1969,540480,0,540480
PA,1970,0,0,540480
PA,1971,50006400,0,50546880
PA,1972,300480,0,50847360
PA,1973,0,0,50847360
PA,1974,0,0,50847360
PA,1975,0,0,50847360
PA,1976,0,0,50847360
PA,1977,0,0,50847360
PA,1978,0,0,50847360
PA,1979,0,0,50847360
PA,1980,0,0,50847360
PA,1981,0,0,50847360
PA,1982,0,0,50847360
PA,1983,0,0,50847360
PA,1984,0,0,50847360
PA,1985,0,0,50847360
PA,1986,0,0,50847360
PA,1987,0,0,50847360
PA,1988,0,0,50847360
PA,1989,0,0,50847360
PA,1990,0,0,50847360
PA,1991,0,0,50847360
PA,1992,0,0,50847360
PA,1993,0,0,50847360
PA,1994,0,0,50847360
PA,1995,0,0,50847360
PA,1996,0,0,50847360
PA,1997,0,0,50847360
PA,1998,0,0,50847360
PA,1999,0,0,50847360
PA,2000,0,0,50847360
PA,2001,0,0,50847360
RI,1965,0,0,0
RI,1966,0,0,0
RI,1967,0,0,0
RI,1968,0,0,0
RI,1969,0,0,0
RI,1970,0,0,0
RI,1971,138240,0,138240
RI,1972,34560,0,172800
RI,1973,0,0,172800
RI,1974,0,0,172800
RI,1975,0,0,172800
RI,1976,34560,0,207360
RI,1977,0,0,207360
RI,1978,0,0,207360
RI,1979,0,0,207360
RI,1980,0,0,207360
RI,1981,0,0,207360
RI,1982,0,0,207360
RI,1983,0,0,207360
RI,1984,0,0,207360
RI,1985,0,0,207360
RI,1986,0,0,207360
RI,1987,0,0,207360
RI,1988,0,0,207360
RI,1989,0,0,207360
RI,1990,0,0,207360
RI,1991,0,0,207360
RI,1992,0,0,207360
RI,1993,0,0,207360
RI,1994,0,0,207360
RI,1995,0,0,207360
RI,1996,0,0,207360
RI,1997,0,0,207360
RI,1998,0,0,207360
RI,1999,0,0,207360
RI,2000,0,0,207360
RI,2001,0,0,207360
SC,1965,0,0,0
SC,1966,0,0,0
SC,1967,0,0,0
SC,1968,0,0,0
SC,1969,0,0,0
SC,1970,0,0,0
SC,1971,0,0,0
SC,1972,0,0,0
SC,1973,0,0,0
SC,1974,0,0,0
SC,1975,57600,0,57600
SC,1976,0,0,57600
SC,1977,0,0,57600
SC,1978,0,0,57600
SC,1979,0,0,57600
SC,1980,0,0,57600
SC,1981,0,0,57600
SC,1982,0,0,57600
SC,1983,0,0,57600
SC,1984,0,0,57600
SC,1985,0,0,57600
SC,1986,0,0,57600
SC,1987,0,0,57600
SC,1988,0,0,57600
SC,1989,0,0,57600
SC,1990,0,0,57600
SC,1991,0,0,57600
SC,1992,0,0,57600
SC,1993,86400,0,144000
SC,1994,0,0,144000
SC,1995,0,0,144000
SC,1996,0,0,144000
SC,1997,0,0,144000
SC,1998,0,0,144000
SC,1999,0,0,144000
SC,2000,0,0,144000
SC,2001,0,0,144000
SD,1965,0,0,0
SD,1966,0,0,0
SD,1967,0,0,0
SD,1968,0,0,0
SD,1969,0,0,0
SD,1970,0,0,0
SD,1971,0,0,0
SD,1972,0,0,0
SD,1973,0,0,0
SD,1974,0,0,0
SD,1975,0,0,0
SD,1976,0,0,0
SD,1977,0,0,0
SD,1978,0,0,0
SD,1979,0,0,0
SD,1980,0,0,0
SD,1981,0,0,0
SD,1982,0,0,0
SD,1983,0,0,0
SD,1984,0,0,0
SD,1985,0,0,0
SD,1986,0,0,0
SD,1987,0,0,0
SD,1988,0,0,0
SD,1989,0,0,0
SD,1990,0,0,0
SD,1991,0,0,0
SD,1992,0,0,0
SD,1993,0,0,0
SD,1994,0,0,0
SD,1995,0,0,0
SD,1996,0,0,0
SD,1997,0,0,0
SD,1998,0,0,0
SD,1999,0,0,0
SD,2000,0,0,0
SD,2001,0,0,0
TN,1965,0,0,0
TN,1966,0,0,0
TN,1967,0,0,0
TN,1968,0,0,0
TN,1969,0,0,0
TN,1970,0,0,0
TN,1971,0,0,0
TN,1972,115200,0,115200
TN,1973,144000,0,259200
TN,1974,0,0,259200
TN,1975,144000,0,403200
TN,1976,0,0,403200
TN,1977,0,0,403200
TN,1978,0,0,403200
TN,1979,0,0,403200
TN,1980,0,0,403200
TN,1981,0,0,403200
TN,1982,0,0,403200
TN,1983,0,0,403200
TN,1984,0,0,403200
TN,1985,0,0,403200
TN,1986,0,0,403200
TN,1987,0,0,403200
TN,1988,0,0,403200
TN,1989,0,0,403200
TN,1990,0,0,403200
TN,1991,0,0,403200
TN,1992,0,0,403200
TN,1993,0,0,403200
TN,1994,0,0,403200
TN,1995,0,0,403200
TN,1996,0,0,403200
TN,1997,144000,0,547200
TN,1998,0,0,547200
TN,1999,0,0,547200
TN,2000,0,0,547200
TN,2001,0,0,547200
TX,1965,0,0,0
TX,1966,0,0,0
TX,1967,0,0,0
TX,1968,0,0,0
TX,1969,0,0,0
TX,1970,0,0,0
TX,1971,0,0,0
TX,1972,0,0,0
TX,1973,0,0,0
TX,1974,0,0,0
TX,1975,0,0,0
TX,1976,0,0,0
TX,1977,0,0,0
TX,1978,0,0,0
TX,1979,0,0,0
TX,1980,0,0,0
TX,1981,0,0,0
TX,1982,0,0,0
TX,1983,0,0,0
TX,1984,0,0,0
TX,1985,0,0,0
TX,1986,0,0,0
TX,1987,0,0,0
TX,1988,0,0,0
TX,1989,5760000,0,5760000
TX,1990,0,0,5760000
TX,1991,0,0,5760000
TX,1992,0,0,5760000
TX,1993,0,0,5760000
TX,1994,0,0,5760000
TX,1995,0,0,5760000
TX,1996,0,0,5760000
TX,1997,0,0,5760000
TX,1998,0,0,5760000
TX,1999,0,0,5760000
TX,2000,0,0,5760000
TX,2001,0,0,5760000
UT,1965,0,0,0
UT,1966,0,0,0
UT,1967,0,0,0
UT,1968,0,0,0
UT,1969,0,0,0
UT,1970,0,0,0
UT,1971,0,0,0
UT,1972,0,0,0
UT,1973,0,0,0
UT,1974,0,0,0
UT,1975,0,0,0
UT,1976,0,0,0
UT,1977,0,0,0
UT,1978,0,0,0
UT,1979,0,0,0
UT,1980,0,0,0
UT,1981,0,0,0
UT,1982,0,0,0
UT,1983,0,0,0
UT,1984,0,0,0
UT,1985,0,0,0
UT,1986,0,0,0
UT,1987,0,0,0
UT,1988,0,0,0
UT,1989,0,0,0
UT,1990,0,0,0
UT,1991,0,0,0
UT,1992,0,0,0
UT,1993,0,0,0
UT,1994,0,0,0
UT,1995,0,0,0
UT,1996,0,0,0
UT,1997,0,0,0
UT,1998,0,0,0
UT,1999,0,0,0
UT,2000,0,0,0
UT,2001,0,0,0
VA,1965,115200,0,115200
VA,1966,0,0,115200
VA,1967,0,0,115200
VA,1968,0,0,115200
VA,1969,0,0,115200
VA,1970,0,0,115200
VA,1971,0,0,115200
VA,1972,192000,0,307200
VA,1973,0,0,307200
VA,1974,0,0,307200
VA,1975,0,0,307200
VA,1976,5760,0,312960
VA,1977,0,0,312960
VA,1978,0,0,312960
VA,1979,0,0,312960
VA,1980,0,0,312960
VA,1981,0,0,312960
VA,1982,0,0,312960
VA,1983,0,0,312960
VA,1984,0,0,312960
VA,1985,0,0,312960
VA,1986,0,0,312960
VA,1987,0,0,312960
VA,1988,0,0,312960
VA,1989,0,0,312960
VA,1990,0,0,312960
VA,1991,0,0,312960
VA,1992,0,0,312960
VA,1993,0,0,312960
VA,1994,0,0,312960
VA,1995,0,0,312960
VA,1996,0,0,312960
VA,1997,0,0,312960
VA,1998,0,0,312960
VA,1999,0,0,312960
VA,2000,0,0,312960
VA,2001,0,0,312960
VT,1965,0,0,0
VT,1966,0,0,0
VT,1967,0,0,0
VT,1968,0,0,0
VT,1969,0,0,0
VT,1970,0,0,0
VT,1971,0,0,0
VT,1972,0,0,0
VT,1973,0,0,0
VT,1974,0,0,0
VT,1975,0,0,0
VT,1976,0,0,0
VT,1977,0,0,0
VT,1978,0,0,0
VT,1979,0,0,0
VT,1980,0,0,0
VT,1981,0,0,0
VT,1982,0,0,0
VT,1983,0,0,0
VT,1984,0,0,0
VT,1985,0,0,0
VT,1986,0,0,0
VT,1987,0,0,0
VT,1988,0,0,0
VT,1989,0,0,0
VT,1990,0,0,0
VT,1991,0,0,0
VT,1992,0,0,0
VT,1993,0,0,0
VT,1994,0,0,0
VT,1995,0,0,0
VT,1996,0,0,0
VT,1997,0,0,0
VT,1998,0,0,0
VT,1999,0,0,0
VT,2000,0,0,0
VT,2001,0,0,0
WA,1965,0,0,0
WA,1966,0,0,0
WA,1967,0,0,0
WA,1968,0,0,0
WA,1969,0,0,0
WA,1970,0,0,0
WA,1971,0,0,0
WA,1972,0,0,0
WA,1973,0,0,0
WA,1974,0,0,0
WA,1975,288000,0,288000
WA,1976,0,0,288000
WA,1977,0,0,288000
WA,1978,0,0,288000
WA,1979,0,0,288000
WA,1980,0,0,288000
WA,1981,0,0,288000
WA,1982,0,0,288000
WA,1983,0,0,288000
WA,1984,0,0,288000
WA,1985,0,0,288000
WA,1986,0,0,288000
WA,1987,0,0,288000
WA,1988,0,0,288000
WA,1989,0,0,288000
WA,1990,0,0,288000
WA,1991,0,0,288000
WA,1992,0,0,288000
WA,1993,0,0,288000
WA,1994,0,0,288000
WA,1995,0,0,288000
WA,1996,0,0,288000
WA,1997,0,0,288000
WA,1998,0,0,288000
WA,1999,0,0,288000
WA,2000,0,0,288000
WA,2001,5760,0,293760
WI,1965,67200,0,67200
WI,1966,0,0,67200
WI,1967,0,0,67200
WI,1968,0,0,67200
WI,1969,23040,0,90240
WI,1970,0,0,90240
WI,1971,0,0,90240
WI,1972,0,0,90240
WI,1973,0,0,90240
WI,1974,3840,0,94080
WI,1975,0,0,94080
WI,1976,0,0,94080
WI,1977,0,0,94080
WI,1978,0,0,94080
WI,1979,0,0,94080
WI,1980,0,0,94080
WI,1981,0,0,94080
WI,1982,0,0,94080
WI,1983,0,0,94080
WI,1984,0,0,94080
WI,1985,0,0,94080
WI,1986,0,0,94080
WI,1987,0,0,94080
WI,1988,0,0,94080
WI,1989,0,0,94080
WI,1990,0,0,94080
WI,1991,0,0,94080
WI,1992,0,0,94080
WI,1993,0,0,94080
WI,1994,0,0,94080
WI,1995,0,0,94080
WI,1996,0,0,94080
WI,1997,0,0,94080
WI,1998,0,0,94080
WI,1999,0,0,94080
WI,2000,0,0,94080
WI,2001,0,0,94080
WV,1965,0,0,0
WV,1966,0,0,0
WV,1967,0,0,0
WV,1968,0,0,0
WV,1969,0,0,0
WV,1970,0,0,0
WV,1971,0,0,0
WV,1972,0,0,0
WV,1973,0,0,0
WV,1974,0,0,0
WV,1975,0,0,0
WV,1976,0,0,0
WV,1977,0,0,0
WV,1978,0,0,0
WV,1979,0,0,0
WV,1980,0,0,0
WV,1981,0,0,0
WV,1982,0,0,0
WV,1983,0,0,0
WV,1984,0,0,0
WV,1985,0,0,0
WV,1986,0,0,0
WV,1987,0,0,0
WV,1988,0,0,0
WV,1989,0,0,0
WV,1990,0,0,0
WV,1991,0,0,0
WV,1992,0,0,0
WV,1993,0,0,0
WV,1994,0,0,0
WV,1995,0,0,0
WV,1996,0,0,0
WV,1997,0,0,0
WV,1998,0,0,0
WV,1999,0,0,0
WV,2000,0,0,0
WV,2001,0,0,0
WY,1965,0,0,0
WY,1966,0,0,0
WY,1967,0,0,0
WY,1968,0,0,0
WY,1969,0,0,0
WY,1970,0,0,0
WY,1971,0,0,0
WY,1972,0,0,0
WY,1973,0,0,0
WY,1974,0,0,0
WY,1975,0,0,0
WY,1976,0,0,0
WY,1977,0,0,0
WY,1978,0,0,0
WY,1979,0,0,0
WY,1980,0,0,0
WY,1981,0,0,0
WY,1982,0,0,0
WY,1983,0,0,0
WY,1984,0,0,0
WY,1985,0,0,0
WY,1986,0,0,0
WY,1987,0,0,0
WY,1988,0,0,0
WY,1989,0,0,0
WY,1990,0,0,0
WY,1991,0,0,0
WY,1992,0,0,0
WY,1993,0,0,0
WY,1994,0,0,0
WY,1995,0,0,0
WY,1996,6913920,0,6913920
WY,1997,0,0,6913920
WY,1998,0,0,6913920
WY,1999,0,0,6913920
WY,2000,0,0,6913920
WY,2001,0,0,6913920
