LNG_ROUTE,LNG_route_gz1,LNG_route_gz2,LNG_route_distance,LNG_flow_allowed
AL_AR,AL,AR,593.657658203037,1
AL_AZ,AL,AZ,2334.06261863877,1
AL_CA,AL,CA,3000.74043420316,1
AL_CO,AL,CO,1803.14354280287,1
AL_CT,AL,CT,1548.01703003687,1
AL_DC,AL,DC,1095.20451643708,0
AL_DE,AL,DE,1228.03730004435,1
AL_FL,AL,FL,756.966114329044,1
AL_GA,AL,GA,270.067890692085,1
AL_IA,AL,IA,1138.63503083721,1
AL_ID,AL,ID,2752.1896914851,1
AL_IL,AL,IL,932.791095882907,1
AL_IN,AL,IN,796.251291579637,1
AL_KS,AL,KS,1065.55061442782,0
AL_KY,AL,KY,553.474185764,0
AL_LA,AL,LA,517.097421293242,1
AL_MA,AL,MA,1699.63853199119,1
AL_MD,AL,MD,1124.9931203886,1
AL_ME,AL,ME,1934.60008238637,1
AL_MI,AL,MI,1120.40034661446,0
AL_MN,AL,MN,1478.65371676872,1
AL_MO,AL,MO,778.06128961989,1
AL_MS,AL,MS,268.434898384084,1
AL_MT,AL,MT,2580.23345723426,1
AL_NC,AL,NC,710.838778568573,1
AL_ND,AL,ND,1915.72424340811,1
AL_NE,AL,NE,1304.3684961397,1
AL_NH,AL,NH,1747.42272349831,1
AL_NJ,AL,NJ,1373.32044937704,1
AL_NM,AL,NM,1819.3388836572,1
AL_NV,AL,NV,2712.65732696438,1
AL_NY,AL,NY,1427.88906141205,1
AL_OH,AL,OH,902.035466360182,0
AL_OK,AL,OK,970.204121387788,1
AL_OR,AL,OR,3334.91327257216,1
AL_PA,AL,PA,1199.63236783784,1
AL_RI,AL,RI,1663.25323355298,1
AL_SC,AL,SC,544.360040281444,1
AL_SD,AL,SD,1621.23923589928,1
AL_TN,AL,TN,313.852872676294,1
AL_TX,AL,TX,1029.1686941952,1
AL_UT,AL,UT,2382.26689512327,0
AL_VA,AL,VA,970.955124823847,1
AL_VT,AL,VT,1726.10652098388,0
AL_WA,AL,WA,3328.56858897999,1
AL_WI,AL,WI,1208.96456032902,1
AL_WV,AL,WV,842.371528034754,0
AL_WY,AL,WY,2074.67844108132,1
AR_AZ,AR,AZ,1775.65900809212,1
AR_CA,AR,CA,2419.97263073954,1
AR_CO,AR,CO,1211.31848449193,1
AR_CT,AR,CT,1861.91946340859,1
AR_DC,AR,DC,1449.87542557362,0
AR_DE,AR,DE,1583.33001820233,1
AR_FL,AR,FL,1323.50659568549,1
AR_GA,AR,GA,829.936220103043,1
AR_IA,AR,IA,758.182693984935,1
AR_ID,AR,ID,2169.99823082912,1
AR_IL,AR,IL,779.302823640951,1
AR_IN,AR,IN,792.553610683805,1
AR_KS,AR,KS,501.439050286151,0
AR_KY,AR,KY,727.26864527792,0
AR_LA,AR,LA,503.321445435044,1
AR_MA,AR,MA,2005.70833994508,1
AR_MD,AR,MD,1473.56142458367,1
AR_ME,AR,ME,2201.36900573275,1
AR_MI,AR,MI,1127.5375541388,0
AR_MN,AR,MN,1122.78515221185,1
AR_MO,AR,MO,367.582540952869,1
AR_MS,AR,MS,401.829153254048,1
AR_MT,AR,MT,2025.47837628105,1
AR_NC,AR,NC,1180.22078061064,1
AR_ND,AR,ND,1467.46475722554,1
AR_NE,AR,NE,785.487672099249,1
AR_NH,AR,NH,2027.63660707386,1
AR_NJ,AR,NJ,1704.25094081911,1
AR_NM,AR,NM,1251.65830887621,1
AR_NV,AR,NV,2125.14437255814,1
AR_NY,AR,NY,1721.0546960523,1
AR_OH,AR,OH,1051.13804277591,0
AR_OK,AR,OK,382.597730199033,1
AR_OR,AR,OR,2748.9053971174,1
AR_PA,AR,PA,1494.94713555508,1
AR_RI,AR,RI,1983.30099668187,1
AR_SC,AR,SC,1073.39144973925,1
AR_SD,AR,SD,1127.1394786411,1
AR_TN,AR,TN,576.070669764473,1
AR_TX,AR,TX,644.795990969464,1
AR_UT,AR,UT,1789.19130721579,0
AR_VA,AR,VA,1360.09925808277,1
AR_VT,AR,VT,1964.12621946056,0
AR_WA,AR,WA,2755.28827624621,1
AR_WI,AR,WI,1004.47038310188,1
AR_WV,AR,WV,1134.96752531909,0
AR_WY,AR,WY,1498.78409771533,1
AZ_CA,AZ,CA,727.569551316785,1
AZ_CO,AZ,CO,907.039179185224,1
AZ_CT,AZ,CT,3531.68919661944,1
AZ_DC,AZ,DC,3173.25776174888,0
AZ_DE,AZ,DE,3299.32895200785,1
AZ_FL,AZ,FL,2949.51606866126,1
AZ_GA,AZ,GA,2592.91988287837,1
AZ_IA,AZ,IA,1908.1114930834,1
AZ_ID,AZ,ID,1241.85033089943,1
AZ_IL,AZ,IL,2248.79201261713,1
AZ_IN,AZ,IN,2395.39972292644,1
AZ_KS,AZ,KS,1498.22420309058,0
AZ_KY,AZ,KY,2451.45064396969,0
AZ_LA,AZ,LA,1939.31106693227,1
AZ_MA,AZ,MA,3659.47713483225,1
AZ_MD,AZ,MD,3192.12284434538,1
AZ_ME,AZ,ME,3803.74049234193,1
AZ_MI,AZ,MI,2627.22200903776,0
AZ_MN,AZ,MN,2045.39902214232,1
AZ_MO,AZ,MO,1856.12524014209,1
AZ_MS,AZ,MS,2078.94019456765,1
AZ_MT,AZ,MT,1494.52714635482,1
AZ_NC,AZ,NC,2953.07368408549,1
AZ_ND,AZ,ND,1880.02743949622,1
AZ_NE,AZ,NE,1550.99181406017,1
AZ_NH,AZ,NH,3656.18880656942,1
AZ_NJ,AZ,NJ,3397.10848526534,1
AZ_NM,AZ,NM,527.121097772514,1
AZ_NV,AZ,NV,569.489950350513,1
AZ_NY,AZ,NY,3384.31856438262,1
AZ_OH,AZ,OH,2693.72115765055,0
AZ_OK,AZ,OK,1399.99889161848,1
AZ_OR,AZ,OR,1565.97975465952,1
AZ_PA,AZ,PA,3178.49226675909,1
AZ_RI,AZ,RI,3650.51169932158,1
AZ_SC,AZ,SC,2847.23750613938,1
AZ_SD,AZ,SD,1624.79497268215,1
AZ_TN,AZ,TN,2347.08215470058,1
AZ_TX,AZ,TX,1392.30212838018,1
AZ_UT,AZ,UT,782.970002611194,0
AZ_VA,AZ,VA,3104.8657786153,1
AZ_VT,AZ,VT,3556.32965632937,0
AZ_WA,AZ,WA,1757.66364109431,1
AZ_WI,AZ,WI,2286.84743574863,1
AZ_WV,AZ,WV,2850.98963893525,0
AZ_WY,AZ,WY,1121.34392212094,1
CA_CO,CA,CO,1328.33171557111,1
CA_CT,CA,CT,4058.23440138291,1
CA_DC,CA,DC,3742.35886511947,0
CA_DE,CA,DE,3860.472098592,1
CA_FL,CA,FL,3651.44235743191,1
CA_GA,CA,GA,3249.28787298966,1
CA_IA,CA,IA,2387.67797396866,1
CA_ID,CA,ID,1037.33056548433,1
CA_IL,CA,IL,2765.34222271884,1
CA_IN,CA,IN,2941.28208345262,1
CA_KS,CA,KS,2060.02814410441,0
CA_KY,CA,KY,3042.66665024256,0
CA_LA,CA,LA,2641.69458749327,1
CA_MA,CA,MA,4173.29368365952,1
CA_MD,CA,MD,3757.5298894263,1
CA_ME,CA,ME,4285.08615531749,1
CA_MI,CA,MI,3119.76271152409,0
CA_MN,CA,MN,2428.19985420844,1
CA_MO,CA,MO,2430.790458023,1
CA_MS,CA,MS,2756.70633908339,1
CA_MT,CA,MT,1428.47284819068,1
CA_NC,CA,NC,3573.97381664499,1
CA_ND,CA,ND,2122.97202649242,1
CA_NE,CA,NE,2021.83236010548,1
CA_NH,CA,NH,4156.04199805982,1
CA_NJ,CA,NJ,3941.02063884766,1
CA_NM,CA,NM,1188.6161260018,1
CA_NV,CA,NV,332.724464606484,1
CA_NY,CA,NY,3911.34644019472,1
CA_OH,CA,OH,3237.11141211344,0
CA_OK,CA,OK,2037.37757480551,1
CA_OR,CA,OR,1068.30198326656,1
CA_PA,CA,PA,3723.0487438122,1
CA_RI,CA,RI,4172.41147877805,1
CA_SC,CA,SC,3490.07421123504,1
CA_SD,CA,SD,1978.46806994383,1
CA_TN,CA,TN,2973.27444737648,1
CA_TX,CA,TX,2106.75090467165,1
CA_UT,CA,UT,853.791893860978,0
CA_VA,CA,VA,3691.2865666241,1
CA_VT,CA,VT,4040.48856663396,0
CA_WA,CA,WA,1334.1497038146,1
CA_WI,CA,WI,2742.09946943176,1
CA_WV,CA,WV,3424.0773676478,0
CA_WY,CA,WY,1334.34468981443,1
CO_CT,CO,CT,2729.91019563401,1
CO_DC,CO,DC,2422.43217030481,0
CO_DE,CO,DE,2537.42624896485,1
CO_FL,CO,FL,2529.23564759065,1
CO_GA,CO,GA,2021.45854590593,1
CO_IA,CO,IA,1060.34760761554,1
CO_ID,CO,ID,979.462637442058,1
CO_IL,CO,IL,1437.47556674504,1
CO_IN,CO,IN,1618.18487241934,1
CO_KS,CO,KS,765.663342122371,0
CO_KY,CO,KY,1741.42364795091,0
CO_LA,CO,LA,1581.49668393603,1
CO_MA,CO,MA,2845.45221903017,1
CO_MD,CO,MD,2436.22029189193,1
CO_ME,CO,ME,2963.0917337564,1
CO_MI,CO,MI,1792.83802977669,0
CO_MN,CO,MN,1145.44001531661,1
CO_MO,CO,MO,1130.95659801817,1
CO_MS,CO,MS,1600.30981057354,1
CO_MT,CO,MT,948.809753123611,1
CO_NC,CO,NC,2290.09251308032,1
CO_ND,CO,ND,992.733440186908,1
CO_NE,CO,NE,693.96997380505,1
CO_NH,CO,NH,2829.85762111608,1
CO_NJ,CO,NJ,2614.08867824289,1
CO_NM,CO,NM,552.965319934976,1
CO_NV,CO,NV,1000.74364236124,1
CO_NY,CO,NY,2583.05607743682,1
CO_OH,CO,OH,1911.85642875841,0
CO_OK,CO,OK,857.160507944731,1
CO_OR,CO,OR,1544.36396331783,1
CO_PA,CO,PA,2396.6176934733,1
CO_RI,CO,RI,2844.13876703526,1
CO_SC,CO,SC,2234.14107047725,1
CO_SD,CO,SD,717.77969604871,1
CO_TN,CO,TN,1708.24541731934,1
CO_TX,CO,TX,1192.99566956991,1
CO_UT,CO,UT,581.551474482572,0
CO_VA,CO,VA,2379.64687444831,1
CO_VT,CO,VT,2717.26833510025,0
CO_WA,CO,WA,1582.09050814439,1
CO_WI,CO,WI,1422.51580673993,1
CO_WV,CO,WV,2107.73097638561,0
CO_WY,CO,WY,385.867400666491,1
CT_DC,CT,DC,455.009819657269,0
CT_DE,CT,DE,329.414973659443,1
CT_FL,CT,FL,1719.17590140087,1
CT_GA,CT,GA,1326.77065342355,1
CT_IA,CT,IA,1672.81011922163,1
CT_ID,CT,ID,3429.5343841321,1
CT_IL,CT,IL,1293.97449973489,1
CT_IN,CT,IN,1136.63183428942,1
CT_KS,CT,KS,2033.50045424681,0
CT_KY,CT,KY,1135.24286987781,0
CT_LA,CT,LA,2054.46651651445,1
CT_MA,CT,MA,151.708825822931,1
CT_MD,CT,MD,424.274454146021,1
CT_ME,CT,ME,403.31913200251,1
CT_MI,CT,MI,947.342105966589,0
CT_MN,CT,MN,1721.11471817193,1
CT_MO,CT,MO,1680.89380411198,1
CT_MS,CT,MS,1780.36940823121,1
CT_MT,CT,MT,3094.81690330091,1
CT_NC,CT,NC,887.638423264454,1
CT_ND,CT,ND,2189.38650886632,1
CT_NE,CT,NE,2037.05050814956,1
CT_NH,CT,NH,217.79832488277,1
CT_NJ,CT,NJ,176.852069052889,1
CT_NM,CT,NM,3012.60197674411,1
CT_NV,CT,NV,3729.8349947592,1
CT_NY,CT,NY,147.546065170219,1
CT_OH,CT,OH,839.150910750737,0
CT_OK,CT,OK,2179.06526415837,1
CT_OR,CT,OR,3992.47939228157,1
CT_PA,CT,PA,367.063965795611,1
CT_RI,CT,RI,121.43811962659,1
CT_SC,CT,SC,1097.04189841579,1
CT_SD,CT,SD,2145.65074503325,1
CT_TN,CT,TN,1330.21444441043,1
CT_TX,CT,TX,2484.38925004225,1
CT_UT,CT,UT,3257.78176887729,0
CT_VA,CT,VA,589.58828982468,1
CT_VT,CT,VT,289.386351746304,0
CT_WA,CT,WA,3865.7404060466,1
CT_WI,CT,WI,1344.73762990107,1
CT_WV,CT,WV,732.955306849899,0
CT_WY,CT,WY,2805.24722547675,1
DC_DE,DC,DE,135.384177158275,0
DC_FL,DC,FL,1306.83328923377,0
DC_GA,DC,GA,871.996406132268,0
DC_IA,DC,IA,1397.02750149105,0
DC_ID,DC,ID,3205.34876027086,0
DC_IL,DC,IL,1002.56326208892,0
DC_IN,DC,IN,805.134620185032,0
DC_KS,DC,KS,1686.80009636173,0
DC_KY,DC,KY,728.078697674217,0
DC_LA,DC,LA,1605.30022555476,0
DC_MA,DC,MA,606.590967378076,0
DC_MD,DC,MD,31.655766891085,0
DC_ME,DC,ME,852.145974763735,0
DC_MI,DC,MI,748.775179808304,0
DC_MN,DC,MN,1533.74819920759,0
DC_MO,DC,MO,1319.59738202965,0
DC_MS,DC,MS,1333.56074518783,0
DC_MT,DC,MT,2906.87326943253,0
DC_NC,DC,NC,442.056642753554,0
DC_ND,DC,ND,2031.06580030079,0
DC_NE,DC,NE,1744.4691231759,0
DC_NH,DC,NH,663.40266116564,0
DC_NJ,DC,NJ,278.756620434993,0
DC_NM,DC,NM,2647.88161124081,0
DC_NV,DC,NV,3420.41922805942,0
DC_NY,DC,NY,352.045654962323,0
DC_OH,DC,OH,521.574033217652,0
DC_OK,DC,OK,1790.5587933282,0
DC_OR,DC,OR,3784.62764449737,0
DC_PA,DC,PA,172.089748053276,0
DC_RI,DC,RI,568.219918377486,0
DC_SC,DC,SC,651.041163285468,0
DC_SD,DC,SD,1913.93832622358,0
DC_TN,DC,TN,895.010124176956,0
DC_TX,DC,TX,2054.62238393424,0
DC_UT,DC,UT,2976.92330134972,0
DC_VA,DC,VA,140.892725870025,0
DC_VT,DC,VT,674.816214057989,0
DC_WA,DC,WA,3689.44412918462,0
DC_WI,DC,WI,1136.84790426468,0
DC_WV,DC,WV,322.301433396457,0
DC_WY,DC,WY,2549.87514709668,0
DE_FL,DE,FL,1402.03322617706,1
DE_GA,DE,GA,999.738402271395,1
DE_IA,DE,IA,1501.52774747706,1
DE_ID,DE,ID,3302.08173675286,1
DE_IL,DE,IL,1108.2969726327,1
DE_IN,DE,IN,919.46430636326,1
DE_KS,DE,KS,1808.92103131158,0
DE_KY,DE,KY,859.506080199499,0
DE_LA,DE,LA,1739.43401918266,1
DE_MA,DE,MA,479.477411784461,1
DE_MD,DE,MD,109.773414831511,1
DE_ME,DE,ME,731.64152846228,1
DE_MI,DE,MI,823.950865066934,0
DE_MN,DE,MN,1615.9054523131,1
DE_MO,DE,MO,1443.86521904452,1
DE_MS,DE,MS,1468.29109500652,1
DE_MT,DE,MT,2994.06852857617,1
DE_NC,DE,NC,558.264409589105,1
DE_ND,DE,ND,2108.03444424561,1
DE_NE,DE,NE,1854.53637626292,1
DE_NH,DE,NH,543.832845538229,1
DE_NJ,DE,NJ,153.399617947759,1
DE_NM,DE,NM,2774.752588551,1
DE_NV,DE,NV,3536.94559887486,1
DE_NY,DE,NY,250.850629768269,1
DE_OH,DE,OH,627.196082403113,0
DE_OK,DE,OK,1920.81881677219,1
DE_OR,DE,OR,3878.10609833915,1
DE_PA,DE,PA,174.383115399966,1
DE_RI,DE,RI,437.735636131818,1
DE_SC,DE,SC,767.74571473411,1
DE_SD,DE,SD,2009.59459492799,1
DE_TN,DE,TN,1030.30106759521,1
DE_TX,DE,TX,2189.87606290421,1
DE_UT,DE,UT,3086.72288165295,0
DE_VA,DE,VA,261.106699109518,1
DE_VT,DE,VT,574.306022381034,0
DE_WA,DE,WA,3774.93320230142,1
DE_WI,DE,WI,1221.24385994362,1
DE_WV,DE,WV,451.309993087656,0
DE_WY,DE,WY,2653.05724317517,1
FL_GA,FL,GA,654.409607320037,1
FL_IA,FL,IA,1881.24512622031,1
FL_ID,FL,ID,3493.48487500945,1
FL_IL,FL,IL,1619.59815480434,1
FL_IN,FL,IN,1436.10351902092,1
FL_KS,FL,KS,1814.51965737662,0
FL_KY,FL,KY,1162.91817947375,0
FL_LA,FL,LA,1010.65318369312,1
FL_MA,FL,MA,1858.40132604486,1
FL_MD,FL,MD,1337.36287199283,1
FL_ME,FL,ME,2119.39526578247,1
FL_MI,FL,MI,1691.20248954437,0
FL_MN,FL,MN,2204.06404187685,1
FL_MO,FL,MO,1534.09958315681,1
FL_MS,FL,MS,928.940618581053,1
FL_MT,FL,MT,3335.24136670523,1
FL_NC,FL,NC,879.804394711237,1
FL_ND,FL,ND,2661.12611468107,1
FL_NE,FL,NE,2061.23700387887,1
FL_NH,FL,NH,1936.93542550169,1
FL_NJ,FL,NJ,1551.87750328002,1
FL_NM,FL,NM,2463.88585293158,1
FL_NV,FL,NV,3385.52192623178,1
FL_NY,FL,NY,1650.95003596861,1
FL_OH,FL,OH,1410.06170567705,0
FL_OK,FL,OK,1675.41461675803,1
FL_OR,FL,OR,4071.1772364147,1
FL_PA,FL,PA,1469.20619504789,1
FL_RI,FL,RI,1806.36003916384,1
FL_SC,FL,SC,693.110400105192,1
FL_SD,FL,SD,2376.75144104839,1
FL_TN,FL,TN,993.724910003478,1
FL_TX,FL,TX,1561.9260075287,1
FL_UT,FL,UT,3100.5735655683,0
FL_VA,FL,VA,1167.96910234954,1
FL_VT,FL,VT,1975.75818490514,0
FL_WA,FL,WA,4077.14942442175,1
FL_WI,FL,WI,1889.29195037717,1
FL_WV,FL,WV,1224.62500775595,0
FL_WY,FL,WY,2820.97648842593,1
GA_IA,GA,IA,1247.56523420845,1
GA_ID,GA,ID,2949.55874608533,1
GA_IL,GA,IL,965.819231077679,1
GA_IN,GA,IN,782.93004898562,1
GA_KS,GA,KS,1265.07043254541,0
GA_KY,GA,KY,510.187743153789,0
GA_LA,GA,LA,777.76553551662,1
GA_MA,GA,MA,1478.11110925207,1
GA_MD,GA,MD,903.080945889748,1
GA_ME,GA,ME,1722.96847807178,1
GA_MI,GA,MI,1057.43503113204,0
GA_MN,GA,MN,1556.27471300033,1
GA_MO,GA,MO,936.119825791305,1
GA_MS,GA,MS,538.500517672688,1
GA_MT,GA,MT,2749.97344747961,1
GA_NC,GA,NC,456.960501998284,1
GA_ND,GA,ND,2025.09406214653,1
GA_NE,GA,NE,1469.76075037418,1
GA_NH,GA,NH,1534.31133863628,1
GA_NJ,GA,NJ,1150.06762194971,1
GA_NM,GA,NM,2074.17185855143,1
GA_NV,GA,NV,2954.89116047668,1
GA_NY,GA,NY,1217.66798929666,1
GA_OH,GA,OH,794.372212976769,0
GA_OK,GA,OK,1212.31313117809,1
GA_OR,GA,OR,3536.28658101627,1
GA_PA,GA,PA,997.00777988825,1
GA_RI,GA,RI,1437.46809455635,1
GA_SC,GA,SC,275.628209089301,1
GA_SD,GA,SD,1763.28565699279,1
GA_TN,GA,TN,352.480619981274,1
GA_TX,GA,TX,1299.21781474193,1
GA_UT,GA,UT,2602.91785240736,0
GA_VA,GA,VA,738.745091407736,1
GA_VT,GA,VT,1529.40160025286,0
GA_WA,GA,WA,3512.74908885573,1
GA_WI,GA,WI,1234.88250590415,1
GA_WV,GA,WV,666.800061031559,0
GA_WY,GA,WY,2268.12509319256,1
IA_ID,IA,ID,1814.07506591323,1
IA_IL,IA,IL,394.485043203927,1
IA_IN,IA,IN,603.218166072402,1
IA_KS,IA,KS,484.187344256705,0
IA_KY,IA,KY,808.030781033949,0
IA_LA,IA,LA,1256.77599039225,1
IA_MA,IA,MA,1785.64286794867,1
IA_MD,IA,MD,1406.58635862912,1
IA_ME,IA,ME,1905.42061305268,1
IA_MI,IA,MI,732.496559525437,0
IA_MN,IA,MN,365.201928941086,1
IA_MO,IA,MO,398.520119399908,1
IA_MS,IA,MS,1085.31770386042,1
IA_MT,IA,MT,1546.325658161,1
IA_NC,IA,NC,1360.61232926792,1
IA_ND,IA,ND,779.902016346988,1
IA_NE,IA,NE,366.53947587912,1
IA_NH,IA,NH,1769.59120646571,1
IA_NJ,IA,NJ,1564.92252892992,1
IA_NM,IA,NM,1417.69979570809,1
IA_NV,IA,NV,2058.02172141538,1
IA_NY,IA,NY,1526.70970156346,1
IA_OH,IA,OH,875.944028965278,0
IA_OK,IA,OK,779.361587581759,1
IA_OR,IA,OR,2398.41937929947,1
IA_PA,IA,PA,1350.43979494752,1
IA_RI,IA,RI,1785.58867266257,1
IA_SC,IA,SC,1372.50376448185,1
IA_SD,IA,SD,537.611800818937,1
IA_TN,IA,TN,895.291343490853,1
IA_TX,IA,TX,1288.2908763268,1
IA_UT,IA,UT,1588.3502288171,0
IA_VA,IA,VA,1377.81950816234,1
IA_VT,IA,VT,1658.83581960678,0
IA_WA,IA,WA,2327.40056668284,1
IA_WI,IA,WI,382.345412559703,1
IA_WV,IA,WV,1100.07013081017,0
IA_WY,IA,WY,1152.85104697341,1
ID_IL,ID,IL,2206.5610077106,1
ID_IN,ID,IN,2417.11773096557,1
ID_KS,ID,KS,1687.89542336589,0
ID_KY,ID,KY,2598.71308520808,0
ID_LA,ID,LA,2560.7362778163,1
ID_MA,ID,MA,3519.13066891424,1
ID_MD,ID,MD,3212.5970833745,1
ID_ME,ID,ME,3577.87332747384,1
ID_MI,ID,MI,2490.27323276521,0
ID_MN,ID,MN,1709.25484669907,1
ID_MO,ID,MO,2020.39326246336,1
ID_MS,ID,MS,2567.10759522374,1
ID_MT,ID,MT,416.971532299079,1
ID_NC,ID,NC,3158.21116619461,1
ID_ND,ID,ND,1278.69413087393,1
ID_NE,ID,NE,1498.79267117915,1
ID_NH,ID,NH,3480.93889042133,1
ID_NJ,ID,NJ,3347.35208987194,1
ID_NM,ID,NM,1308.67413160508,1
ID_NV,ID,NV,803.54784014369,1
ID_NY,ID,NY,3290.14772702403,1
ID_OH,ID,OH,2684.15242374129,0
ID_OK,ID,OK,1832.54440301189,1
ID_OR,ID,OR,588.710079944103,1
ID_PA,ID,PA,3141.58135735007,1
ID_RI,ID,RI,3531.24922855146,1
ID_SC,ID,SC,3135.52823694174,1
ID_SD,ID,SD,1292.49014143211,1
ID_TN,ID,TN,2615.28888959982,1
ID_TX,ID,TX,2152.70530529609,1
ID_UT,ID,UT,503.412026148808,0
ID_VA,ID,VA,3191.76413922996,1
ID_VT,ID,VT,3346.78643197472,0
ID_WA,ID,WA,606.489071952417,1
ID_WI,ID,WI,2088.81954116839,1
ID_WV,ID,WV,2914.03527726061,0
ID_WY,ID,WY,681.885178006163,1
IL_IN,IL,IN,219.359260533026,1
IL_KS,IL,KS,757.533497627335,0
IL_KY,IL,KY,470.00183221474,0
IL_LA,IL,LA,1209.18270645771,1
IL_MA,IL,MA,1414.60667255548,1
IL_MD,IL,MD,1012.35382021494,1
IL_ME,IL,ME,1556.41683041011,1
IL_MI,IL,MI,387.023008740211,0
IL_MN,IL,MN,606.054759308895,1
IL_MO,IL,MO,456.147027137336,1
IL_MS,IL,MS,973.850129227651,1
IL_MT,IL,MT,1926.26105763856,1
IL_NC,IL,NC,992.917406452995,1
IL_ND,IL,ND,1100.24320997698,1
IL_NE,IL,NE,747.923220995126,1
IL_NH,IL,NH,1407.64268651752,1
IL_NJ,IL,NJ,1177.18067004303,1
IL_NM,IL,NM,1738.70300726373,1
IL_NV,IL,NV,2438.15751017341,1
IL_NY,IL,NY,1146.71263293704,1
IL_OH,IL,OH,481.765387392527,0
IL_OK,IL,OK,970.774464298608,1
IL_OR,IL,OR,2789.28374039263,1
IL_PA,IL,PA,960.649590495444,1
IL_RI,IL,RI,1409.84958066868,1
IL_SC,IL,SC,1035.87159748224,1
IL_SD,IL,SD,920.639358683036,1
IL_TN,IL,TN,634.901960080289,1
IL_TX,IL,TX,1408.58504247342,1
IL_UT,IL,UT,1978.86459762458,0
IL_VA,IL,VA,985.695520509187,1
IL_VT,IL,VT,1309.15245578275,0
IL_WA,IL,WA,2709.46455987404,1
IL_WI,IL,WI,276.244203433152,1
IL_WV,IL,WV,708.229516259364,0
IL_WY,IL,WY,1547.33169311433,1
IN_KS,IN,KS,897.628110689643,0
IN_KY,IN,KY,273.197623897789,0
IN_LA,IN,LA,1152.15149936315,1
IN_MA,IN,MA,1267.78358531035,1
IN_MD,IN,MD,818.162423493015,1
IN_ME,IN,ME,1435.61162397131,1
IN_MI,IN,MI,347.751783579857,0
IN_MN,IN,MN,821.146869118238,1
IN_MO,IN,MO,546.827471223641,1
IN_MS,IN,MS,892.377079400278,1
IN_MT,IN,MT,2143.5517933555,1
IN_NC,IN,NC,773.874025478831,1
IN_ND,IN,ND,1318.25689064842,1
IN_NE,IN,NE,940.223301883292,1
IN_NH,IN,NH,1273.30221090057,1
IN_NJ,IN,NJ,1004.05678383303,1
IN_NM,IN,NM,1876.03913932206,1
IN_NV,IN,NV,2617.48151864585,1
IN_NY,IN,NY,989.481598473392,1
IN_OH,IN,OH,298.586758970651,0
IN_OK,IN,OK,1057.41517939654,1
IN_OR,IN,OR,3001.62486843559,1
IN_PA,IN,PA,785.163875995294,1
IN_RI,IN,RI,1256.08103007142,1
IN_SC,IN,SC,825.16645496938,1
IN_SD,IN,SD,1136.27047192832,1
IN_TN,IN,TN,483.403333154393,1
IN_TX,IN,TX,1437.30392033168,1
IN_UT,IN,UT,2172.2309208654,0
IN_VA,IN,VA,775.717254999833,1
IN_VT,IN,VT,1191.78587415137,0
IN_WA,IN,WA,2926.37526526724,1
IN_WI,IN,WI,459.069838699893,1
IN_WV,IN,WV,498.224202416708,0
IN_WY,IN,WY,1751.94410359534,1
KS_KY,KS,KY,983.504611573928,0
KS_LA,KS,LA,973.074012559088,0
KS_MA,KS,MA,2161.67485221893,0
KS_MD,KS,MD,1703.60693420539,0
KS_ME,KS,ME,2313.15197167842,0
KS_MI,KS,MI,1142.82241871009,0
KS_MN,KS,MN,787.071250307688,0
KS_MO,KS,MO,370.888387456768,0
KS_MS,KS,MS,902.561365064563,0
KS_MT,KS,MT,1525.06399293656,0
KS_NC,KS,NC,1525.93393348347,0
KS_ND,KS,ND,1015.89111802365,0
KS_NE,KS,NE,310.479835776888,0
KS_NH,KS,NH,2160.65662015769,0
KS_NJ,KS,NJ,1900.95405667567,0
KS_NM,KS,NM,982.400621606583,0
KS_NV,KS,NV,1743.78440400977,0
KS_NY,KS,NY,1886.10715380354,0
KS_OH,KS,OH,1196.17330357469,0
KS_OK,KS,OK,320.850462085055,0
KS_OR,KS,OR,2272.79162390517,0
KS_PA,KS,PA,1682.09025618421,0
KS_RI,KS,RI,2152.29249077599,0
KS_SC,KS,SC,1469.38264876447,0
KS_SD,KS,SD,653.495864138222,0
KS_TN,KS,TN,943.446393919875,0
KS_TX,KS,TX,845.621350358677,0
KS_UT,KS,UT,1345.43280931565,0
KS_VA,KS,VA,1631.40628474452,0
KS_VT,KS,VT,2066.08896369603,0
KS_WA,KS,WA,2263.54338769313,0
KS_WI,KS,WI,854.105428483051,0
KS_WV,KS,WV,1366.34355253022,0
KS_WY,KS,WY,1009.15975263653,0
KY_LA,KY,LA,978.271100059759,0
KY_MA,KY,MA,1280.27587098935,0
KY_MD,KY,MD,750.040582076837,0
KY_ME,KY,ME,1484.72128772176,0
KY_MI,KY,MI,568.595045714508,0
KY_MN,KY,MN,1074.45091203944,0
KY_MO,KY,MO,612.764478073212,0
KY_MS,KY,MS,703.390704348919,0
KY_MT,KY,MT,2351.95831019447,0
KY_NC,KY,NC,559.49885542492,0
KY_ND,KY,ND,1562.32038226166,0
KY_NE,KY,NE,1100.91061875725,0
KY_NH,KY,NH,1306.59061643917,0
KY_NJ,KY,NJ,977.103322506578,0
KY_NM,KY,NM,1924.84884913856,0
KY_NV,KY,NV,2727.28167497162,0
KY_NY,KY,NY,995.775262477063,0
KY_OH,KY,OH,362.749457742543,0
KY_OK,KY,OK,1062.77919342855,0
KY_OR,KY,OR,3186.84137571222,0
KY_PA,KY,PA,768.178924966211,0
KY_RI,KY,RI,1256.5334633062,0
KY_SC,KY,SC,569.279449659235,0
KY_SD,KY,SD,1344.57253900452,0
KY_TN,KY,TN,245.377730221468,0
KY_TX,KY,TX,1352.74066100211,0
KY_UT,KY,UT,2313.20762100503,0
KY_VA,KY,VA,653.584766323667,0
KY_VT,KY,VT,1254.27146490183,0
KY_WA,KY,WA,3130.45666238009,0
KY_WI,KY,WI,729.645412712557,0
KY_WV,KY,WV,408.811699166699,0
KY_WY,KY,WY,1921.93435878783,0
LA_MA,LA,MA,2205.53875850265,1
LA_MD,LA,MD,1634.32504512089,1
LA_ME,LA,ME,2433.11641449661,1
LA_MI,LA,MI,1499.60966837568,0
LA_MN,LA,MN,1621.97773814113,1
LA_MO,LA,MO,859.580220957457,1
LA_MS,LA,MS,277.383364892545,1
LA_MT,LA,MT,2466.22075010433,1
LA_NC,LA,NC,1227.56734157781,1
LA_ND,LA,ND,1967.43012026477,1
LA_NE,LA,NE,1274.73929980886,1
LA_NH,LA,NH,2247.93620652988,1
LA_NJ,LA,NJ,1881.71348437336,1
LA_NM,LA,NM,1455.67063566887,1
LA_NV,LA,NV,2381.36631102199,1
LA_NY,LA,NY,1928.75146912375,1
LA_OH,LA,OH,1340.76142176753,0
LA_OK,LA,OK,734.68357032284,1
LA_OR,LA,OR,3121.15075260419,1
LA_PA,LA,PA,1698.26771378124,1
LA_RI,LA,RI,2171.62837394687,1
LA_SC,LA,SC,1052.82357403622,1
LA_SD,LA,SD,1619.46540648626,1
LA_TN,LA,TN,742.332778824814,1
LA_TX,LA,TX,559.975439564719,1
LA_UT,LA,UT,2131.39378294203,0
LA_VA,LA,VA,1484.98458365098,1
LA_VT,LA,VT,2215.17294270318,0
LA_WA,LA,WA,3160.857517893,1
LA_WI,LA,WI,1463.59248310608,1
LA_WV,LA,WV,1332.74052239551,0
LA_WY,LA,WY,1915.60705751402,1
MA_MD,MA,MD,575.93262217529,1
MA_ME,MA,ME,261.417957932069,1
MA_MI,MA,MI,1054.40149518997,0
MA_MN,MA,MN,1810.20178192596,1
MA_MO,MA,MO,1814.05711264636,1
MA_MS,MA,MS,1931.11300129036,1
MA_MT,MA,MT,3174.76831680662,1
MA_NC,MA,NC,1036.995358388,1
MA_ND,MA,ND,2265.68151701105,1
MA_NE,MA,NE,2151.55645949249,1
MA_NH,MA,NH,98.5842497428524,1
MA_NJ,MA,NJ,328.050805550117,1
MA_NM,MA,NM,3142.85550730173,1
MA_NV,MA,NV,3843.57353621341,1
MA_NY,MA,NY,284.655584128516,1
MA_OH,MA,OH,972.88909280368,0
MA_OK,MA,OK,2316.88400891237,1
MA_OR,MA,OR,4075.64493936205,1
MA_PA,MA,PA,513.399751778965,1
MA_RI,MA,RI,58.2070956757679,1
MA_SC,MA,SC,1246.07184892416,1
MA_SD,MA,SD,2243.16905972787,1
MA_TN,MA,TN,1479.34930216533,1
MA_TX,MA,TX,2631.3769045758,1
MA_UT,MA,UT,3364.38176688724,0
MA_VA,MA,VA,740.308690210164,1
MA_VT,MA,VT,234.832282481061,0
MA_WA,MA,WA,3939.58832443352,1
MA_WI,MA,WI,1444.5889656695,1
MA_WV,MA,WV,881.154799641019,0
MA_WY,MA,WY,2906.02701576565,1
MD_ME,MD,ME,820.726765788359,1
MD_MI,MD,MI,748.165586025706,0
MD_MN,MD,MN,1536.03604490643,1
MD_MO,MD,MO,1337.39239678197,1
MD_MS,MD,MS,1362.09577371384,1
MD_MT,MD,MT,2911.05496257453,1
MD_NC,MD,NC,473.664864285182,1
MD_ND,MD,ND,2032.01868038962,1
MD_NE,MD,NE,1756.20829104773,1
MD_NH,MD,NH,631.977308392328,1
MD_NJ,MD,NJ,248.43058569716,1
MD_NM,MD,NM,2667.15351583178,1
MD_NV,MD,NV,3434.90987413307,1
MD_NY,MD,NY,320.407382546158,1
MD_OH,MD,OH,530.643862933565,0
MD_OK,MD,OK,1811.79620154281,1
MD_OR,MD,OR,3790.87164203041,1
MD_PA,MD,PA,147.675084712974,1
MD_RI,MD,RI,538.26098345194,1
MD_SC,MD,SC,682.686733778854,1
MD_SD,MD,SD,1920.61746295134,1
MD_TN,MD,TN,921.383294823069,1
MD_TX,MD,TX,2080.8020995427,1
MD_UT,MD,UT,2988.73470085125,0
MD_VA,MD,VA,172.39210361803,1
MD_VT,MD,VT,643.355659482933,0
MD_WA,MD,WA,3693.19568497102,1
MD_WI,MD,WI,1139.55558855152,1
MD_WV,MD,WV,342.350515017442,0
MD_WY,MD,WY,2559.23734046934,1
ME_MI,ME,MI,1176.92875429516,0
ME_MN,ME,MN,1881.16953488193,1
ME_MO,ME,MO,1980.59865351495,1
ME_MS,ME,MS,2156.73518199038,1
ME_MT,ME,MT,3215.84823755446,1
ME_NC,ME,NC,1289.64372972514,1
ME_ND,ME,ND,2306.3322012869,1
ME_NE,ME,NE,2271.33027219958,1
ME_NH,ME,NH,188.750690266694,1
ME_NJ,ME,NJ,578.266650198782,1
ME_NM,ME,NM,3295.05280738594,1
ME_NV,ME,NV,3953.22413100946,1
ME_NY,ME,NY,506.932581341432,1
ME_OH,ME,OH,1152.37051670657,0
ME_OK,ME,OK,2492.91389721114,1
ME_OR,ME,OR,4119.26675653766,1
ME_PA,ME,PA,735.482380496746,1
ME_RI,ME,RI,315.902878098388,1
ME_SC,ME,SC,1499.2351737507,1
ME_SD,ME,SD,2326.04890828928,1
ME_TN,ME,TN,1697.71084614003,1
ME_TX,ME,TX,2836.5962445952,1
ME_UT,ME,UT,3459.68009284532,0
ME_VA,ME,VA,989.844304056593,1
ME_VT,ME,VT,247.411675077671,0
ME_WA,ME,WA,3965.3302270829,1
ME_WI,ME,WI,1542.98813058928,1
ME_WV,ME,WV,1100.68627926442,0
ME_WY,ME,WY,2990.97866778236,1
MI_MN,MI,MN,792.550294595969,0
MI_MO,MI,MO,836.41047277843,0
MI_MS,MI,MS,1237.55951113664,0
MI_MT,MI,MT,2171.96356133036,0
MI_NC,MI,NC,905.1674118001,0
MI_ND,MI,ND,1284.60361277897,0
MI_NE,MI,NE,1098.99289638774,0
MI_NH,MI,NH,1037.15925628033,0
MI_NJ,MI,NJ,857.179072581316,0
MI_NM,MI,NM,2121.69104147572,0
MI_NV,MI,NV,2789.57249526662,0
MI_NY,MI,NY,803.801309499896,0
MI_OH,MI,OH,294.718686444918,0
MI_OK,MI,OK,1354.01925303652,0
MI_OR,MI,OR,3060.86675608457,0
MI_PA,MI,PA,655.94561138581,0
MI_RI,MI,RI,1056.84504522393,0
MI_SC,MI,SC,1023.30865218906,0
MI_SD,MI,SD,1200.93763506521,0
MI_TN,MI,TN,807.658132765129,0
MI_TX,MI,TX,1769.59789445106,0
MI_UT,MI,UT,2311.26411515681,0
MI_VA,MI,VA,782.320720901372,0
MI_VT,MI,VT,929.613829645758,0
MI_WA,MI,WA,2951.70111190307,0
MI_WI,MI,WI,401.54181685729,0
MI_WV,MI,WV,540.11043767443,0
MI_WY,MI,WY,1858.20584965208,0
MN_MO,MN,MO,763.272142334922,1
MN_MS,MN,MS,1445.62236420266,1
MN_MT,MN,MT,1379.7639809596,1
MN_NC,MN,NC,1592.65449654121,1
MN_ND,MN,ND,502.096654818292,1
MN_NE,MN,NE,541.482659903059,1
MN_NH,MN,NH,1774.45813121525,1
MN_NJ,MN,NJ,1646.5063266765,1
MN_NM,MN,NM,1601.07124289985,1
MN_NV,MN,NV,2095.625257451,1
MN_NY,MN,NY,1583.31411849393,1
MN_OH,MN,OH,1027.62313982455,0
MN_OK,MN,OK,1104.03400023822,1
MN_OR,MN,OR,2272.38594625803,1
MN_PA,MN,PA,1448.47946003774,1
MN_RI,MN,RI,1822.00538963017,1
MN_SC,MN,SC,1641.84434057229,1
MN_SD,MN,SD,450.168549877512,1
MN_TN,MN,TN,1210.34100115157,1
MN_TX,MN,TX,1625.47580045042,1
MN_UT,MN,UT,1586.62075367364,0
MN_VA,MN,VA,1546.76934455575,1
MN_VT,MN,VT,1644.16282656686,0
MN_WA,MN,WA,2159.17989955804,1
MN_WI,MN,WI,397.103040324513,1
MN_WV,MN,WV,1277.52011125482,0
MN_WY,MN,WY,1111.84279276783,1
MO_MS,MO,MS,691.330487046929,1
MO_MT,MO,MT,1814.52128897855,1
MO_NC,MO,NC,1159.47801668901,1
MO_ND,MO,ND,1149.55204161564,1
MO_NE,MO,NE,533.903961262237,1
MO_NH,MO,NH,1820.01604706143,1
MO_NJ,MO,NJ,1541.67452558563,1
MO_NM,MO,NM,1333.32222438764,1
MO_NV,MO,NV,2114.55948751655,1
MO_NY,MO,NY,1534.27021783448,1
MO_OH,MO,OH,841.865919952503,0
MO_OK,MO,OK,518.011442411602,1
MO_OR,MO,OR,2608.70829374371,1
MO_PA,MO,PA,1323.43593578872,1
MO_RI,MO,RI,1801.02456758679,1
MO_SC,MO,SC,1116.40241377711,1
MO_SD,MO,SD,843.19885061935,1
MO_TN,MO,TN,595.061769824777,1
MO_TX,MO,TX,961.015117277356,1
MO_UT,MO,UT,1706.74158052705,0
MO_VA,MO,VA,1261.02319525382,1
MO_VT,MO,VT,1735.50689896995,0
MO_WA,MO,WA,2577.15161764566,1
MO_WI,MO,WI,646.958347788453,1
MO_WV,MO,WV,998.092180788724,0
MO_WY,MO,WY,1338.63256574205,1
MS_MT,MS,MT,2427.21156588576,1
MS_NC,MS,NC,971.53217700217,1
MS_ND,MS,ND,1837.58599147985,1
MS_NE,MS,NE,1176.89612700647,1
MS_NH,MS,NH,1972.00923710475,1
MS_NJ,MS,NJ,1608.63154619347,1
MS_NM,MS,NM,1570.31286920876,1
MS_NV,MS,NV,2476.44396142094,1
MS_NY,MS,NY,1653.11827914604,1
MS_OH,MS,OH,1066.14009313661,0
MS_OK,MS,OK,747.582895930402,1
MS_OR,MS,OR,3142.85818282664,1
MS_PA,MS,PA,1422.38964862902,1
MS_RI,MS,RI,1898.23680888795,1
MS_SC,MS,SC,812.267524818816,1
MS_SD,MS,SD,1512.68546380175,1
MS_TN,MS,TN,465.214661386964,1
MS_TX,MS,TX,760.799461407637,1
MS_UT,MS,UT,2172.44853163254,0
MS_VA,MS,VA,1216.69201259056,1
MS_VT,MS,VT,1937.91938912012,0
MS_WA,MS,WA,3155.35795134959,1
MS_WI,MS,WI,1240.03523047776,1
MS_WV,MS,WV,1056.10703159893,0
MS_WY,MS,WY,1899.0584399053,1
MT_NC,MT,NC,2906.89709131331,1
MT_ND,MT,ND,910.415737328215,1
MT_NE,MT,NE,1280.63530106348,1
MT_NH,MT,NH,3130.08786154622,1
MT_NJ,MT,NJ,3025.96593289229,1
MT_NM,MT,NM,1415.34914518998,1
MT_NV,MT,NV,1158.02959046743,1
MT_NY,MT,NY,2959.88050305319,1
MT_OH,MT,OH,2390.93909160132,0
MT_OK,MT,OK,1732.96967603966,1
MT_OR,MT,OR,903.418547784438,1
MT_PA,MT,PA,2827.85685979526,1
MT_RI,MT,RI,3191.08990575491,1
MT_SC,MT,SC,2908.76001333889,1
MT_SD,MT,SD,1008.78632454277,1
MT_TN,MT,TN,2403.37731977863,1
MT_TX,MT,TX,2134.42046919503,1
MT_UT,MT,UT,712.540937501065,0
MT_VA,MT,VA,2907.59107972056,1
MT_VT,MT,VT,2991.2790799119,0
MT_WA,MT,WA,783.54252285525,1
MT_WI,MT,WI,1772.82520821901,1
MT_WV,MT,WV,2631.88496411624,0
MT_WY,MT,WY,567.380321612227,1
NC_ND,NC,ND,2091.72641376082,1
NC_NE,NC,NE,1660.23302855582,1
NC_NH,NC,NH,1101.41032113525,1
NC_NJ,NC,NJ,711.47115330943,1
NC_NM,NC,NM,2426.92358188739,1
NC_NV,NC,NV,3264.87609248279,1
NC_NY,NC,NY,794.040880064088,1
NC_OH,NC,OH,610.886964418618,0
NC_OK,NC,OK,1553.20806388679,1
NC_OR,NC,OR,3746.30975875598,1
NC_PA,NC,PA,594.0598182101,1
NC_RI,NC,RI,992.669505928954,1
NC_SC,NC,SC,209.633001752477,1
NC_SD,NC,SD,1898.22264414033,1
NC_TN,NC,TN,605.991577027927,1
NC_TX,NC,TX,1725.40232481773,1
NC_UT,NC,UT,2866.00215059567,0
NC_VA,NC,VA,301.457223277726,1
NC_VT,NC,VT,1116.51433766513,0
NC_WA,NC,WA,3687.16793720471,1
NC_WI,NC,WI,1212.64264077909,1
NC_WV,NC,WV,374.478002196119,0
NC_WY,NC,WY,2481.1463786364,1
ND_NE,ND,NE,705.49816167689,1
ND_NH,ND,NH,2219.85641726478,1
ND_NJ,ND,NJ,2128.7517262663,1
ND_NM,ND,NM,1532.54072043786,1
ND_NV,ND,NV,1798.64645094468,1
ND_NY,ND,NY,2057.15346031422,1
ND_OH,ND,OH,1529.16041344424,0
ND_OK,ND,OK,1324.10555612444,1
ND_OR,ND,OR,1813.50770867031,1
ND_PA,ND,PA,1937.95086826659,1
ND_RI,ND,RI,2283.25826093118,1
ND_SC,ND,SC,2131.58577559778,1
ND_SD,ND,SD,371.969043792052,1
ND_TN,ND,TN,1673.58548521108,1
ND_TX,ND,TX,1837.91572029433,1
ND_UT,ND,UT,1270.41045360579,0
ND_VA,ND,VA,2048.02192784303,1
ND_VT,ND,VT,2080.87018874506,0
ND_WA,ND,WA,1676.41183162875,1
ND_WI,ND,WI,897.296091024164,1
ND_WV,ND,WV,1779.56052145143,0
ND_WY,ND,WY,796.548173145176,1
NE_NH,NE,NH,2136.11952467177,1
NE_NJ,NE,NJ,1924.83511155101,1
NE_NM,NE,NM,1076.45741076118,1
NE_NV,NE,NV,1692.81484116484,1
NE_NY,NE,NY,1890.48806027116,1
NE_OH,NE,OH,1227.3513713968,0
NE_OK,NE,OK,622.12367759577,1
NE_OR,NE,OR,2087.37087012511,1
NE_PA,NE,PA,1708.56976229878,1
NE_RI,NE,RI,2150.689798108,1
NE_SC,NE,SC,1639.48327456118,1
NE_SD,NE,SD,345.067105796969,1
NE_TN,NE,TN,1125.40780092217,1
NE_TX,NE,TX,1143.09387040422,1
NE_UT,NE,UT,1232.52915342527,0
NE_VA,NE,VA,1713.29781097998,1
NE_VT,NE,VT,2024.96242170852,0
NE_WA,NE,WA,2045.26435761242,1
NE_WI,NE,WI,737.096971699155,1
NE_WV,NE,WV,1437.06536756612,0
NE_WY,NE,WY,821.061474186193,1
NH_NJ,NH,NJ,390.453954858761,1
NH_NM,NH,NM,3142.99847885248,1
NH_NV,NH,NV,3825.27604845651,1
NH_NY,NH,NY,319.604140885457,1
NH_OH,NH,OH,983.706573462769,0
NH_OK,NH,OK,2328.30196704767,1
NH_OR,NH,OR,4032.42185726362,1
NH_PA,NH,PA,549.670169459895,1
NH_RI,NH,RI,156.008486934104,1
NH_SC,NH,SC,1311.03508999394,1
NH_SD,NH,SD,2212.7633104538,1
NH_TN,NH,TN,1514.92645648663,1
NH_TX,NH,TX,2659.32622347805,1
NH_UT,NH,UT,3339.96860390874,0
NH_VA,NH,VA,801.283615907842,1
NH_VT,NH,VT,151.26235802736,0
NH_WA,NH,WA,3890.23132697198,1
NH_WI,NH,WI,1418.63271088449,1
NH_WV,NH,WV,916.698408374964,0
NH_WY,NH,WY,2877.18395203212,1
NJ_NM,NJ,NM,2874.9930185645,1
NJ_NV,NJ,NV,3614.82389441572,1
NJ_NY,NJ,NY,120.302319108697,1
NJ_OH,NJ,OH,705.746016956478,0
NJ_OK,NJ,OK,2030.99081862205,1
NJ_OR,NJ,OR,3917.58731106959,1
NJ_PA,NJ,PA,218.903136942436,1
NJ_RI,NJ,RI,290.032751671808,1
NJ_SC,NJ,SC,921.01919232075,1
NJ_SD,NJ,SD,2056.8664764261,1
NJ_TN,NJ,TN,1162.79750634459,1
NJ_TX,NJ,TX,2320.27075521295,1
NJ_UT,NJ,UT,3153.270232346,0
NJ_VA,NJ,VA,412.769425638387,1
NJ_VT,NJ,VT,428.984011658558,0
NJ_WA,NJ,WA,3802.95714453355,1
NJ_WI,NJ,WI,1258.720495333,1
NJ_WV,NJ,WV,569.91289935385,0
NJ_WY,NJ,WY,2709.65797852069,1
NM_NV,NM,NV,929.235896939185,1
NM_NY,NM,NY,2865.51645471644,1
NM_OH,NM,OH,2173.62693593738,0
NM_OK,NM,OK,873.73577334903,1
NM_OR,NM,OR,1782.51284639268,1
NM_PA,NM,PA,2656.73189004321,1
NM_RI,NM,RI,3132.11209853629,1
NM_SC,NM,SC,2324.70653477137,1
NM_SD,NM,SD,1220.10398747467,1
NM_TN,NM,TN,1820.98895630868,1
NM_TX,NM,TX,937.614166855692,1
NM_UT,NM,UT,808.141488008931,0
NM_VA,NM,VA,2578.1060955454,1
NM_VT,NM,VT,3047.83887103516,0
NM_WA,NM,WA,1901.76092255248,1
NM_WI,NM,WI,1799.8971386641,1
NM_WV,NM,WV,2325.58065620836,0
NM_WY,NM,WY,899.631916542134,1
NV_NY,NV,NY,3583.17356442669,1
NV_OH,NV,OH,2912.14593081399,0
NV_OK,NV,OK,1743.55623358714,1
NV_OR,NV,OR,1009.78982868453,1
NV_PA,NV,PA,3397.28007499449,1
NV_RI,NV,RI,3843.4241240987,1
NV_SC,NV,SC,3188.94290665927,1
NV_SD,NV,SD,1646.01885348075,1
NV_TN,NV,TN,2668.15886593885,1
NV_TX,NV,TX,1865.6282558451,1
NV_UT,NV,UT,528.465879082355,0
NV_VA,NV,VA,3372.88156771308,1
NV_VT,NV,VT,3708.88756695716,0
NV_WA,NV,WA,1228.00366626089,1
NV_WI,NV,WI,2410.26747940757,1
NV_WV,NV,WV,3103.60331170433,0
NV_WY,NV,WY,1005.94274758771,1
NY_OH,NY,OH,692.407229442407,0
NY_OK,NY,OK,2034.1334424296,1
NY_OR,NY,OR,3855.62346784026,1
NY_PA,NY,PA,231.007680624188,1
NY_RI,NY,RI,266.75435302993,1
NY_SC,NY,SC,1003.08306032815,1
NY_SD,NY,SD,2003.86731982265,1
NY_TN,NY,TN,1197.85000769676,1
NY_TX,NY,TX,2347.41039813197,1
NY_UT,NY,UT,3112.70258436683,0
NY_VA,NY,VA,492.629769709338,1
NY_VT,NY,VT,324.927087685091,0
NY_WA,NY,WA,3733.36472532544,1
NY_WI,NY,WI,1203.00389304352,1
NY_WV,NY,WV,599.163095327941,0
NY_WY,NY,WY,2661.98655195093,1
OH_OK,OH,OK,1345.05003723218,0
OH_OR,OH,OR,3264.37872822173,0
OH_PA,OH,PA,486.932993836041,0
OH_RI,OH,RI,959.16119852957,0
OH_SC,OH,SC,732.393542070561,0
OH_SD,OH,SD,1393.51628123969,0
OH_TN,OH,TN,605.273527924494,0
OH_TX,OH,TX,1691.51668335949,0
OH_UT,OH,UT,2459.54904268142,0
OH_VA,OH,VA,519.270069885965,0
OH_VT,OH,VT,913.154117811123,0
OH_WA,OH,WA,3174.28327740514,0
OH_WI,OH,WI,632.258268035403,0
OH_WV,OH,WV,253.990196448699,0
OH_WY,OH,WY,2028.65283382339,0
OK_OR,OK,OR,2401.52267729108,1
OK_PA,OK,PA,1815.59425170523,1
OK_RI,OK,RI,2300.16530214158,1
OK_SC,OK,SC,1454.67154389381,1
OK_SD,OK,SD,954.9437661165,1
OK_TN,OK,TN,947.254975765422,1
OK_TX,OK,TX,524.773397508386,1
OK_UT,OK,UT,1425.17128072301,0
OK_VA,OK,VA,1712.55586159392,1
OK_VT,OK,VT,2249.1518991535,0
OK_WA,OK,WA,2429.28346632138,1
OK_WI,OK,WI,1123.61443577865,1
OK_WV,OK,WV,1469.52604210275,0
OK_WY,OK,WY,1181.00141142046,1
OR_PA,OR,PA,3715.11464863059,1
OR_RI,OR,RI,4090.73411227256,1
OR_SC,OR,SC,3724.1402620284,1
OR_SD,OR,SD,1870.86493151726,1
OR_TN,OR,TN,3203.44577296163,1
OR_TX,OR,TX,2681.36524450645,1
OR_UT,OR,UT,997.423264216251,0
OR_VA,OR,VA,3774.97579350864,1
OR_VT,OR,VT,3894.27393462346,0
OR_WA,OR,WA,297.455264357211,1
OR_WI,OR,WI,2659.60361019465,1
OR_WV,OR,WV,3497.4190728189,0
OR_WY,OR,WY,1270.07909563429,1
PA_RI,PA,RI,488.380772472294,1
PA_SC,PA,SC,798.729728358831,1
PA_SD,PA,SD,1849.53241703986,1
PA_TN,PA,TN,966.917180268509,1
PA_TX,PA,TX,2118.08544413517,1
PA_UT,PA,UT,2938.50155279391,0
PA_VA,PA,VA,302.601463506154,1
PA_VT,PA,VT,532.433872593928,0
PA_WA,PA,WA,3607.56836270574,1
PA_WI,PA,WI,1055.8791012329,1
PA_WV,PA,WV,368.249012358506,0
PA_WY,PA,WY,2498.38037473147,1
RI_SC,RI,SC,1201.11302760353,1
RI_SD,RI,SD,2251.23438575992,1
RI_TN,RI,TN,1449.97101814449,1
RI_TX,RI,TX,2605.1102806241,1
RI_UT,RI,UT,3368.10436208094,0
RI_VA,RI,VA,698.760614318629,1
RI_VT,RI,VT,283.592851826304,0
RI_WA,RI,WA,3958.61160257698,1
RI_WI,RI,WI,1451.07480725294,1
RI_WV,RI,WV,853.487701539697,0
RI_WY,RI,WY,2912.66838496197,1
SC_SD,SC,SD,1905.64630002038,1
SC_TN,SC,TN,525.95792878944,1
SC_TX,SC,TX,1572.93708962928,1
SC_UT,SC,UT,2814.7386040969,0
SC_VA,SC,VA,510.782176473512,1
SC_VT,SC,VT,1324.72577440585,0
SC_WA,SC,WA,3682.49716891751,1
SC_WI,SC,WI,1282.11387400161,1
SC_WV,SC,WV,531.79975577159,0
SC_WY,SC,WY,2454.23944424754,1
SD_TN,SD,TN,1412.01346009352,1
SD_TX,SD,TX,1466.23742738887,1
SD_UT,SD,UT,1136.82511184298,0
SD_VA,SD,VA,1905.62452990161,1
SD_VT,SD,VT,2086.42696114486,0
SD_WA,SD,WA,1790.53814930298,1
SD_WI,SD,WI,800.955596980313,1
SD_WV,SD,WV,1628.55704550259,0
SD_WY,SD,WY,665.029234533949,1
TN_TX,TN,TX,1159.63570729766,1
TN_UT,TN,UT,2288.78067881652,0
TN_VA,TN,VA,793.020239443042,1
TN_VT,TN,VT,1475.0469126247,0
TN_WA,TN,WA,3170.60836021497,1
TN_WI,TN,WI,910.122483191224,1
TN_WV,TN,WV,598.687105500769,0
TN_WY,TN,WY,1933.4437816964,1
TX_UT,TX,UT,1684.26407538932,0
TX_VA,TX,VA,1949.98135184386,1
TX_VT,TX,VT,2602.60797594211,0
TX_WA,TX,WA,2759.18250660189,1
TX_WI,TX,WI,1604.43401924475,1
TX_WV,TX,WV,1751.65266272587,0
TX_WY,TX,WY,1567.11745806401,1
UT_VA,UT,VA,2942.55241272418,0
UT_VT,UT,VT,3217.94060234348,0
UT_WA,UT,WA,1094.19097303142,0
UT_WI,UT,WI,1921.35202307908,0
UT_WV,UT,WV,2667.64544236009,0
UT_WY,UT,WY,481.317876556027,0
VA_VT,VA,VT,815.708801533848,0
VA_WA,VA,WA,3691.12443378734,1
VA_WI,VA,WI,1150.76856415632,1
VA_WV,VA,WV,277.749610078456,0
VA_WY,VA,WY,2527.60590179583,1
VT_WA,VT,WA,3748.04948392619,0
VT_WI,VT,WI,1298.79847035343,0
VT_WV,VT,WV,884.648521550152,0
VT_WY,VT,WY,2751.43536982678,0
WA_WI,WA,WI,2554.06908584797,1
WA_WV,WA,WV,3415.41179523435,0
WA_WY,WA,WY,1256.50547249026,1
WI_WV,WI,WV,884.090651093268,0
WI_WY,WI,WY,1461.67611026939,1
WV_WY,WV,WY,2250.16352515432,0
