TIMESERIES,ts_period,ts_duration_of_tp,ts_num_tps,ts_scale_to_period
20020101,2002,6,4,5
20020102,2002,6,4,5
20020103,2002,6,4,5
20020104,2002,6,4,5
20020105,2002,6,4,5
20020106,2002,6,4,5
20020107,2002,6,4,5
20020108,2002,6,4,5
20020109,2002,6,4,5
20020110,2002,6,4,5
20020111,2002,6,4,5
20020112,2002,6,4,5
20020113,2002,6,4,5
20020114,2002,6,4,5
20020115,2002,6,4,5
20020116,2002,6,4,5
20020117,2002,6,4,5
20020118,2002,6,4,5
20020119,2002,6,4,5
20020120,2002,6,4,5
20020121,2002,6,4,5
20020122,2002,6,4,5
20020123,2002,6,4,5
20020124,2002,6,4,5
20020125,2002,6,4,5
20020126,2002,6,4,5
20020127,2002,6,4,5
20020128,2002,6,4,5
20020129,2002,6,4,5
20020130,2002,6,4,5
20020131,2002,6,4,5
20020201,2002,6,4,5
20020202,2002,6,4,5
20020203,2002,6,4,5
20020204,2002,6,4,5
20020205,2002,6,4,5
20020206,2002,6,4,5
20020207,2002,6,4,5
20020208,2002,6,4,5
20020209,2002,6,4,5
20020210,2002,6,4,5
20020211,2002,6,4,5
20020212,2002,6,4,5
20020213,2002,6,4,5
20020214,2002,6,4,5
20020215,2002,6,4,5
20020216,2002,6,4,5
20020217,2002,6,4,5
20020218,2002,6,4,5
20020219,2002,6,4,5
20020220,2002,6,4,5
20020221,2002,6,4,5
20020222,2002,6,4,5
20020223,2002,6,4,5
20020224,2002,6,4,5
20020225,2002,6,4,5
20020226,2002,6,4,5
20020227,2002,6,4,5
20020228,2002,6,4,5
20020301,2002,6,4,5
20020302,2002,6,4,5
20020303,2002,6,4,5
20020304,2002,6,4,5
20020305,2002,6,4,5
20020306,2002,6,4,5
20020307,2002,6,4,5
20020308,2002,6,4,5
20020309,2002,6,4,5
20020310,2002,6,4,5
20020311,2002,6,4,5
20020312,2002,6,4,5
20020313,2002,6,4,5
20020314,2002,6,4,5
20020315,2002,6,4,5
20020316,2002,6,4,5
20020317,2002,6,4,5
20020318,2002,6,4,5
20020319,2002,6,4,5
20020320,2002,6,4,5
20020321,2002,6,4,5
20020322,2002,6,4,5
20020323,2002,6,4,5
20020324,2002,6,4,5
20020325,2002,6,4,5
20020326,2002,6,4,5
20020327,2002,6,4,5
20020328,2002,6,4,5
20020329,2002,6,4,5
20020330,2002,6,4,5
20020331,2002,6,4,5
20020401,2002,6,4,5
20020402,2002,6,4,5
20020403,2002,6,4,5
20020404,2002,6,4,5
20020405,2002,6,4,5
20020406,2002,6,4,5
20020407,2002,6,4,5
20020408,2002,6,4,5
20020409,2002,6,4,5
20020410,2002,6,4,5
20020411,2002,6,4,5
20020412,2002,6,4,5
20020413,2002,6,4,5
20020414,2002,6,4,5
20020415,2002,6,4,5
20020416,2002,6,4,5
20020417,2002,6,4,5
20020418,2002,6,4,5
20020419,2002,6,4,5
20020420,2002,6,4,5
20020421,2002,6,4,5
20020422,2002,6,4,5
20020423,2002,6,4,5
20020424,2002,6,4,5
20020425,2002,6,4,5
20020426,2002,6,4,5
20020427,2002,6,4,5
20020428,2002,6,4,5
20020429,2002,6,4,5
20020430,2002,6,4,5
20020501,2002,6,4,5
20020502,2002,6,4,5
20020503,2002,6,4,5
20020504,2002,6,4,5
20020505,2002,6,4,5
20020506,2002,6,4,5
20020507,2002,6,4,5
20020508,2002,6,4,5
20020509,2002,6,4,5
20020510,2002,6,4,5
20020511,2002,6,4,5
20020512,2002,6,4,5
20020513,2002,6,4,5
20020514,2002,6,4,5
20020515,2002,6,4,5
20020516,2002,6,4,5
20020517,2002,6,4,5
20020518,2002,6,4,5
20020519,2002,6,4,5
20020520,2002,6,4,5
20020521,2002,6,4,5
20020522,2002,6,4,5
20020523,2002,6,4,5
20020524,2002,6,4,5
20020525,2002,6,4,5
20020526,2002,6,4,5
20020527,2002,6,4,5
20020528,2002,6,4,5
20020529,2002,6,4,5
20020530,2002,6,4,5
20020531,2002,6,4,5
20020601,2002,6,4,5
20020602,2002,6,4,5
20020603,2002,6,4,5
20020604,2002,6,4,5
20020605,2002,6,4,5
20020606,2002,6,4,5
20020607,2002,6,4,5
20020608,2002,6,4,5
20020609,2002,6,4,5
20020610,2002,6,4,5
20020611,2002,6,4,5
20020612,2002,6,4,5
20020613,2002,6,4,5
20020614,2002,6,4,5
20020615,2002,6,4,5
20020616,2002,6,4,5
20020617,2002,6,4,5
20020618,2002,6,4,5
20020619,2002,6,4,5
20020620,2002,6,4,5
20020621,2002,6,4,5
20020622,2002,6,4,5
20020623,2002,6,4,5
20020624,2002,6,4,5
20020625,2002,6,4,5
20020626,2002,6,4,5
20020627,2002,6,4,5
20020628,2002,6,4,5
20020629,2002,6,4,5
20020630,2002,6,4,5
20020701,2002,6,4,5
20020702,2002,6,4,5
20020703,2002,6,4,5
20020704,2002,6,4,5
20020705,2002,6,4,5
20020706,2002,6,4,5
20020707,2002,6,4,5
20020708,2002,6,4,5
20020709,2002,6,4,5
20020710,2002,6,4,5
20020711,2002,6,4,5
20020712,2002,6,4,5
20020713,2002,6,4,5
20020714,2002,6,4,5
20020715,2002,6,4,5
20020716,2002,6,4,5
20020717,2002,6,4,5
20020718,2002,6,4,5
20020719,2002,6,4,5
20020720,2002,6,4,5
20020721,2002,6,4,5
20020722,2002,6,4,5
20020723,2002,6,4,5
20020724,2002,6,4,5
20020725,2002,6,4,5
20020726,2002,6,4,5
20020727,2002,6,4,5
20020728,2002,6,4,5
20020729,2002,6,4,5
20020730,2002,6,4,5
20020731,2002,6,4,5
20020801,2002,6,4,5
20020802,2002,6,4,5
20020803,2002,6,4,5
20020804,2002,6,4,5
20020805,2002,6,4,5
20020806,2002,6,4,5
20020807,2002,6,4,5
20020808,2002,6,4,5
20020809,2002,6,4,5
20020810,2002,6,4,5
20020811,2002,6,4,5
20020812,2002,6,4,5
20020813,2002,6,4,5
20020814,2002,6,4,5
20020815,2002,6,4,5
20020816,2002,6,4,5
20020817,2002,6,4,5
20020818,2002,6,4,5
20020819,2002,6,4,5
20020820,2002,6,4,5
20020821,2002,6,4,5
20020822,2002,6,4,5
20020823,2002,6,4,5
20020824,2002,6,4,5
20020825,2002,6,4,5
20020826,2002,6,4,5
20020827,2002,6,4,5
20020828,2002,6,4,5
20020829,2002,6,4,5
20020830,2002,6,4,5
20020831,2002,6,4,5
20020901,2002,6,4,5
20020902,2002,6,4,5
20020903,2002,6,4,5
20020904,2002,6,4,5
20020905,2002,6,4,5
20020906,2002,6,4,5
20020907,2002,6,4,5
20020908,2002,6,4,5
20020909,2002,6,4,5
20020910,2002,6,4,5
20020911,2002,6,4,5
20020912,2002,6,4,5
20020913,2002,6,4,5
20020914,2002,6,4,5
20020915,2002,6,4,5
20020916,2002,6,4,5
20020917,2002,6,4,5
20020918,2002,6,4,5
20020919,2002,6,4,5
20020920,2002,6,4,5
20020921,2002,6,4,5
20020922,2002,6,4,5
20020923,2002,6,4,5
20020924,2002,6,4,5
20020925,2002,6,4,5
20020926,2002,6,4,5
20020927,2002,6,4,5
20020928,2002,6,4,5
20020929,2002,6,4,5
20020930,2002,6,4,5
20021001,2002,6,4,5
20021002,2002,6,4,5
20021003,2002,6,4,5
20021004,2002,6,4,5
20021005,2002,6,4,5
20021006,2002,6,4,5
20021007,2002,6,4,5
20021008,2002,6,4,5
20021009,2002,6,4,5
20021010,2002,6,4,5
20021011,2002,6,4,5
20021012,2002,6,4,5
20021013,2002,6,4,5
20021014,2002,6,4,5
20021015,2002,6,4,5
20021016,2002,6,4,5
20021017,2002,6,4,5
20021018,2002,6,4,5
20021019,2002,6,4,5
20021020,2002,6,4,5
20021021,2002,6,4,5
20021022,2002,6,4,5
20021023,2002,6,4,5
20021024,2002,6,4,5
20021025,2002,6,4,5
20021026,2002,6,4,5
20021027,2002,6,4,5
20021028,2002,6,4,5
20021029,2002,6,4,5
20021030,2002,6,4,5
20021031,2002,6,4,5
20021101,2002,6,4,5
20021102,2002,6,4,5
20021103,2002,6,4,5
20021104,2002,6,4,5
20021105,2002,6,4,5
20021106,2002,6,4,5
20021107,2002,6,4,5
20021108,2002,6,4,5
20021109,2002,6,4,5
20021110,2002,6,4,5
20021111,2002,6,4,5
20021112,2002,6,4,5
20021113,2002,6,4,5
20021114,2002,6,4,5
20021115,2002,6,4,5
20021116,2002,6,4,5
20021117,2002,6,4,5
20021118,2002,6,4,5
20021119,2002,6,4,5
20021120,2002,6,4,5
20021121,2002,6,4,5
20021122,2002,6,4,5
20021123,2002,6,4,5
20021124,2002,6,4,5
20021125,2002,6,4,5
20021126,2002,6,4,5
20021127,2002,6,4,5
20021128,2002,6,4,5
20021129,2002,6,4,5
20021130,2002,6,4,5
20021201,2002,6,4,5
20021202,2002,6,4,5
20021203,2002,6,4,5
20021204,2002,6,4,5
20021205,2002,6,4,5
20021206,2002,6,4,5
20021207,2002,6,4,5
20021208,2002,6,4,5
20021209,2002,6,4,5
20021210,2002,6,4,5
20021211,2002,6,4,5
20021212,2002,6,4,5
20021213,2002,6,4,5
20021214,2002,6,4,5
20021215,2002,6,4,5
20021216,2002,6,4,5
20021217,2002,6,4,5
20021218,2002,6,4,5
20021219,2002,6,4,5
20021220,2002,6,4,5
20021221,2002,6,4,5
20021222,2002,6,4,5
20021223,2002,6,4,5
20021224,2002,6,4,5
20021225,2002,6,4,5
20021226,2002,6,4,5
20021227,2002,6,4,5
20021228,2002,6,4,5
20021229,2002,6,4,5
20021230,2002,6,4,5
20021231,2002,6,4,5
20070101,2007,6,4,5
20070102,2007,6,4,5
20070103,2007,6,4,5
20070104,2007,6,4,5
20070105,2007,6,4,5
20070106,2007,6,4,5
20070107,2007,6,4,5
20070108,2007,6,4,5
20070109,2007,6,4,5
20070110,2007,6,4,5
20070111,2007,6,4,5
20070112,2007,6,4,5
20070113,2007,6,4,5
20070114,2007,6,4,5
20070115,2007,6,4,5
20070116,2007,6,4,5
20070117,2007,6,4,5
20070118,2007,6,4,5
20070119,2007,6,4,5
20070120,2007,6,4,5
20070121,2007,6,4,5
20070122,2007,6,4,5
20070123,2007,6,4,5
20070124,2007,6,4,5
20070125,2007,6,4,5
20070126,2007,6,4,5
20070127,2007,6,4,5
20070128,2007,6,4,5
20070129,2007,6,4,5
20070130,2007,6,4,5
20070131,2007,6,4,5
20070201,2007,6,4,5
20070202,2007,6,4,5
20070203,2007,6,4,5
20070204,2007,6,4,5
20070205,2007,6,4,5
20070206,2007,6,4,5
20070207,2007,6,4,5
20070208,2007,6,4,5
20070209,2007,6,4,5
20070210,2007,6,4,5
20070211,2007,6,4,5
20070212,2007,6,4,5
20070213,2007,6,4,5
20070214,2007,6,4,5
20070215,2007,6,4,5
20070216,2007,6,4,5
20070217,2007,6,4,5
20070218,2007,6,4,5
20070219,2007,6,4,5
20070220,2007,6,4,5
20070221,2007,6,4,5
20070222,2007,6,4,5
20070223,2007,6,4,5
20070224,2007,6,4,5
20070225,2007,6,4,5
20070226,2007,6,4,5
20070227,2007,6,4,5
20070228,2007,6,4,5
20070301,2007,6,4,5
20070302,2007,6,4,5
20070303,2007,6,4,5
20070304,2007,6,4,5
20070305,2007,6,4,5
20070306,2007,6,4,5
20070307,2007,6,4,5
20070308,2007,6,4,5
20070309,2007,6,4,5
20070310,2007,6,4,5
20070311,2007,6,4,5
20070312,2007,6,4,5
20070313,2007,6,4,5
20070314,2007,6,4,5
20070315,2007,6,4,5
20070316,2007,6,4,5
20070317,2007,6,4,5
20070318,2007,6,4,5
20070319,2007,6,4,5
20070320,2007,6,4,5
20070321,2007,6,4,5
20070322,2007,6,4,5
20070323,2007,6,4,5
20070324,2007,6,4,5
20070325,2007,6,4,5
20070326,2007,6,4,5
20070327,2007,6,4,5
20070328,2007,6,4,5
20070329,2007,6,4,5
20070330,2007,6,4,5
20070331,2007,6,4,5
20070401,2007,6,4,5
20070402,2007,6,4,5
20070403,2007,6,4,5
20070404,2007,6,4,5
20070405,2007,6,4,5
20070406,2007,6,4,5
20070407,2007,6,4,5
20070408,2007,6,4,5
20070409,2007,6,4,5
20070410,2007,6,4,5
20070411,2007,6,4,5
20070412,2007,6,4,5
20070413,2007,6,4,5
20070414,2007,6,4,5
20070415,2007,6,4,5
20070416,2007,6,4,5
20070417,2007,6,4,5
20070418,2007,6,4,5
20070419,2007,6,4,5
20070420,2007,6,4,5
20070421,2007,6,4,5
20070422,2007,6,4,5
20070423,2007,6,4,5
20070424,2007,6,4,5
20070425,2007,6,4,5
20070426,2007,6,4,5
20070427,2007,6,4,5
20070428,2007,6,4,5
20070429,2007,6,4,5
20070430,2007,6,4,5
20070501,2007,6,4,5
20070502,2007,6,4,5
20070503,2007,6,4,5
20070504,2007,6,4,5
20070505,2007,6,4,5
20070506,2007,6,4,5
20070507,2007,6,4,5
20070508,2007,6,4,5
20070509,2007,6,4,5
20070510,2007,6,4,5
20070511,2007,6,4,5
20070512,2007,6,4,5
20070513,2007,6,4,5
20070514,2007,6,4,5
20070515,2007,6,4,5
20070516,2007,6,4,5
20070517,2007,6,4,5
20070518,2007,6,4,5
20070519,2007,6,4,5
20070520,2007,6,4,5
20070521,2007,6,4,5
20070522,2007,6,4,5
20070523,2007,6,4,5
20070524,2007,6,4,5
20070525,2007,6,4,5
20070526,2007,6,4,5
20070527,2007,6,4,5
20070528,2007,6,4,5
20070529,2007,6,4,5
20070530,2007,6,4,5
20070531,2007,6,4,5
20070601,2007,6,4,5
20070602,2007,6,4,5
20070603,2007,6,4,5
20070604,2007,6,4,5
20070605,2007,6,4,5
20070606,2007,6,4,5
20070607,2007,6,4,5
20070608,2007,6,4,5
20070609,2007,6,4,5
20070610,2007,6,4,5
20070611,2007,6,4,5
20070612,2007,6,4,5
20070613,2007,6,4,5
20070614,2007,6,4,5
20070615,2007,6,4,5
20070616,2007,6,4,5
20070617,2007,6,4,5
20070618,2007,6,4,5
20070619,2007,6,4,5
20070620,2007,6,4,5
20070621,2007,6,4,5
20070622,2007,6,4,5
20070623,2007,6,4,5
20070624,2007,6,4,5
20070625,2007,6,4,5
20070626,2007,6,4,5
20070627,2007,6,4,5
20070628,2007,6,4,5
20070629,2007,6,4,5
20070630,2007,6,4,5
20070701,2007,6,4,5
20070702,2007,6,4,5
20070703,2007,6,4,5
20070704,2007,6,4,5
20070705,2007,6,4,5
20070706,2007,6,4,5
20070707,2007,6,4,5
20070708,2007,6,4,5
20070709,2007,6,4,5
20070710,2007,6,4,5
20070711,2007,6,4,5
20070712,2007,6,4,5
20070713,2007,6,4,5
20070714,2007,6,4,5
20070715,2007,6,4,5
20070716,2007,6,4,5
20070717,2007,6,4,5
20070718,2007,6,4,5
20070719,2007,6,4,5
20070720,2007,6,4,5
20070721,2007,6,4,5
20070722,2007,6,4,5
20070723,2007,6,4,5
20070724,2007,6,4,5
20070725,2007,6,4,5
20070726,2007,6,4,5
20070727,2007,6,4,5
20070728,2007,6,4,5
20070729,2007,6,4,5
20070730,2007,6,4,5
20070731,2007,6,4,5
20070801,2007,6,4,5
20070802,2007,6,4,5
20070803,2007,6,4,5
20070804,2007,6,4,5
20070805,2007,6,4,5
20070806,2007,6,4,5
20070807,2007,6,4,5
20070808,2007,6,4,5
20070809,2007,6,4,5
20070810,2007,6,4,5
20070811,2007,6,4,5
20070812,2007,6,4,5
20070813,2007,6,4,5
20070814,2007,6,4,5
20070815,2007,6,4,5
20070816,2007,6,4,5
20070817,2007,6,4,5
20070818,2007,6,4,5
20070819,2007,6,4,5
20070820,2007,6,4,5
20070821,2007,6,4,5
20070822,2007,6,4,5
20070823,2007,6,4,5
20070824,2007,6,4,5
20070825,2007,6,4,5
20070826,2007,6,4,5
20070827,2007,6,4,5
20070828,2007,6,4,5
20070829,2007,6,4,5
20070830,2007,6,4,5
20070831,2007,6,4,5
20070901,2007,6,4,5
20070902,2007,6,4,5
20070903,2007,6,4,5
20070904,2007,6,4,5
20070905,2007,6,4,5
20070906,2007,6,4,5
20070907,2007,6,4,5
20070908,2007,6,4,5
20070909,2007,6,4,5
20070910,2007,6,4,5
20070911,2007,6,4,5
20070912,2007,6,4,5
20070913,2007,6,4,5
20070914,2007,6,4,5
20070915,2007,6,4,5
20070916,2007,6,4,5
20070917,2007,6,4,5
20070918,2007,6,4,5
20070919,2007,6,4,5
20070920,2007,6,4,5
20070921,2007,6,4,5
20070922,2007,6,4,5
20070923,2007,6,4,5
20070924,2007,6,4,5
20070925,2007,6,4,5
20070926,2007,6,4,5
20070927,2007,6,4,5
20070928,2007,6,4,5
20070929,2007,6,4,5
20070930,2007,6,4,5
20071001,2007,6,4,5
20071002,2007,6,4,5
20071003,2007,6,4,5
20071004,2007,6,4,5
20071005,2007,6,4,5
20071006,2007,6,4,5
20071007,2007,6,4,5
20071008,2007,6,4,5
20071009,2007,6,4,5
20071010,2007,6,4,5
20071011,2007,6,4,5
20071012,2007,6,4,5
20071013,2007,6,4,5
20071014,2007,6,4,5
20071015,2007,6,4,5
20071016,2007,6,4,5
20071017,2007,6,4,5
20071018,2007,6,4,5
20071019,2007,6,4,5
20071020,2007,6,4,5
20071021,2007,6,4,5
20071022,2007,6,4,5
20071023,2007,6,4,5
20071024,2007,6,4,5
20071025,2007,6,4,5
20071026,2007,6,4,5
20071027,2007,6,4,5
20071028,2007,6,4,5
20071029,2007,6,4,5
20071030,2007,6,4,5
20071031,2007,6,4,5
20071101,2007,6,4,5
20071102,2007,6,4,5
20071103,2007,6,4,5
20071104,2007,6,4,5
20071105,2007,6,4,5
20071106,2007,6,4,5
20071107,2007,6,4,5
20071108,2007,6,4,5
20071109,2007,6,4,5
20071110,2007,6,4,5
20071111,2007,6,4,5
20071112,2007,6,4,5
20071113,2007,6,4,5
20071114,2007,6,4,5
20071115,2007,6,4,5
20071116,2007,6,4,5
20071117,2007,6,4,5
20071118,2007,6,4,5
20071119,2007,6,4,5
20071120,2007,6,4,5
20071121,2007,6,4,5
20071122,2007,6,4,5
20071123,2007,6,4,5
20071124,2007,6,4,5
20071125,2007,6,4,5
20071126,2007,6,4,5
20071127,2007,6,4,5
20071128,2007,6,4,5
20071129,2007,6,4,5
20071130,2007,6,4,5
20071201,2007,6,4,5
20071202,2007,6,4,5
20071203,2007,6,4,5
20071204,2007,6,4,5
20071205,2007,6,4,5
20071206,2007,6,4,5
20071207,2007,6,4,5
20071208,2007,6,4,5
20071209,2007,6,4,5
20071210,2007,6,4,5
20071211,2007,6,4,5
20071212,2007,6,4,5
20071213,2007,6,4,5
20071214,2007,6,4,5
20071215,2007,6,4,5
20071216,2007,6,4,5
20071217,2007,6,4,5
20071218,2007,6,4,5
20071219,2007,6,4,5
20071220,2007,6,4,5
20071221,2007,6,4,5
20071222,2007,6,4,5
20071223,2007,6,4,5
20071224,2007,6,4,5
20071225,2007,6,4,5
20071226,2007,6,4,5
20071227,2007,6,4,5
20071228,2007,6,4,5
20071229,2007,6,4,5
20071230,2007,6,4,5
20071231,2007,6,4,5
20120101,2012,6,4,5
20120102,2012,6,4,5
20120103,2012,6,4,5
20120104,2012,6,4,5
20120105,2012,6,4,5
20120106,2012,6,4,5
20120107,2012,6,4,5
20120108,2012,6,4,5
20120109,2012,6,4,5
20120110,2012,6,4,5
20120111,2012,6,4,5
20120112,2012,6,4,5
20120113,2012,6,4,5
20120114,2012,6,4,5
20120115,2012,6,4,5
20120116,2012,6,4,5
20120117,2012,6,4,5
20120118,2012,6,4,5
20120119,2012,6,4,5
20120120,2012,6,4,5
20120121,2012,6,4,5
20120122,2012,6,4,5
20120123,2012,6,4,5
20120124,2012,6,4,5
20120125,2012,6,4,5
20120126,2012,6,4,5
20120127,2012,6,4,5
20120128,2012,6,4,5
20120129,2012,6,4,5
20120130,2012,6,4,5
20120131,2012,6,4,5
20120201,2012,6,4,5
20120202,2012,6,4,5
20120203,2012,6,4,5
20120204,2012,6,4,5
20120205,2012,6,4,5
20120206,2012,6,4,5
20120207,2012,6,4,5
20120208,2012,6,4,5
20120209,2012,6,4,5
20120210,2012,6,4,5
20120211,2012,6,4,5
20120212,2012,6,4,5
20120213,2012,6,4,5
20120214,2012,6,4,5
20120215,2012,6,4,5
20120216,2012,6,4,5
20120217,2012,6,4,5
20120218,2012,6,4,5
20120219,2012,6,4,5
20120220,2012,6,4,5
20120221,2012,6,4,5
20120222,2012,6,4,5
20120223,2012,6,4,5
20120224,2012,6,4,5
20120225,2012,6,4,5
20120226,2012,6,4,5
20120227,2012,6,4,5
20120228,2012,6,4,5
20120301,2012,6,4,5
20120302,2012,6,4,5
20120303,2012,6,4,5
20120304,2012,6,4,5
20120305,2012,6,4,5
20120306,2012,6,4,5
20120307,2012,6,4,5
20120308,2012,6,4,5
20120309,2012,6,4,5
20120310,2012,6,4,5
20120311,2012,6,4,5
20120312,2012,6,4,5
20120313,2012,6,4,5
20120314,2012,6,4,5
20120315,2012,6,4,5
20120316,2012,6,4,5
20120317,2012,6,4,5
20120318,2012,6,4,5
20120319,2012,6,4,5
20120320,2012,6,4,5
20120321,2012,6,4,5
20120322,2012,6,4,5
20120323,2012,6,4,5
20120324,2012,6,4,5
20120325,2012,6,4,5
20120326,2012,6,4,5
20120327,2012,6,4,5
20120328,2012,6,4,5
20120329,2012,6,4,5
20120330,2012,6,4,5
20120331,2012,6,4,5
20120401,2012,6,4,5
20120402,2012,6,4,5
20120403,2012,6,4,5
20120404,2012,6,4,5
20120405,2012,6,4,5
20120406,2012,6,4,5
20120407,2012,6,4,5
20120408,2012,6,4,5
20120409,2012,6,4,5
20120410,2012,6,4,5
20120411,2012,6,4,5
20120412,2012,6,4,5
20120413,2012,6,4,5
20120414,2012,6,4,5
20120415,2012,6,4,5
20120416,2012,6,4,5
20120417,2012,6,4,5
20120418,2012,6,4,5
20120419,2012,6,4,5
20120420,2012,6,4,5
20120421,2012,6,4,5
20120422,2012,6,4,5
20120423,2012,6,4,5
20120424,2012,6,4,5
20120425,2012,6,4,5
20120426,2012,6,4,5
20120427,2012,6,4,5
20120428,2012,6,4,5
20120429,2012,6,4,5
20120430,2012,6,4,5
20120501,2012,6,4,5
20120502,2012,6,4,5
20120503,2012,6,4,5
20120504,2012,6,4,5
20120505,2012,6,4,5
20120506,2012,6,4,5
20120507,2012,6,4,5
20120508,2012,6,4,5
20120509,2012,6,4,5
20120510,2012,6,4,5
20120511,2012,6,4,5
20120512,2012,6,4,5
20120513,2012,6,4,5
20120514,2012,6,4,5
20120515,2012,6,4,5
20120516,2012,6,4,5
20120517,2012,6,4,5
20120518,2012,6,4,5
20120519,2012,6,4,5
20120520,2012,6,4,5
20120521,2012,6,4,5
20120522,2012,6,4,5
20120523,2012,6,4,5
20120524,2012,6,4,5
20120525,2012,6,4,5
20120526,2012,6,4,5
20120527,2012,6,4,5
20120528,2012,6,4,5
20120529,2012,6,4,5
20120530,2012,6,4,5
20120531,2012,6,4,5
20120601,2012,6,4,5
20120602,2012,6,4,5
20120603,2012,6,4,5
20120604,2012,6,4,5
20120605,2012,6,4,5
20120606,2012,6,4,5
20120607,2012,6,4,5
20120608,2012,6,4,5
20120609,2012,6,4,5
20120610,2012,6,4,5
20120611,2012,6,4,5
20120612,2012,6,4,5
20120613,2012,6,4,5
20120614,2012,6,4,5
20120615,2012,6,4,5
20120616,2012,6,4,5
20120617,2012,6,4,5
20120618,2012,6,4,5
20120619,2012,6,4,5
20120620,2012,6,4,5
20120621,2012,6,4,5
20120622,2012,6,4,5
20120623,2012,6,4,5
20120624,2012,6,4,5
20120625,2012,6,4,5
20120626,2012,6,4,5
20120627,2012,6,4,5
20120628,2012,6,4,5
20120629,2012,6,4,5
20120630,2012,6,4,5
20120701,2012,6,4,5
20120702,2012,6,4,5
20120703,2012,6,4,5
20120704,2012,6,4,5
20120705,2012,6,4,5
20120706,2012,6,4,5
20120707,2012,6,4,5
20120708,2012,6,4,5
20120709,2012,6,4,5
20120710,2012,6,4,5
20120711,2012,6,4,5
20120712,2012,6,4,5
20120713,2012,6,4,5
20120714,2012,6,4,5
20120715,2012,6,4,5
20120716,2012,6,4,5
20120717,2012,6,4,5
20120718,2012,6,4,5
20120719,2012,6,4,5
20120720,2012,6,4,5
20120721,2012,6,4,5
20120722,2012,6,4,5
20120723,2012,6,4,5
20120724,2012,6,4,5
20120725,2012,6,4,5
20120726,2012,6,4,5
20120727,2012,6,4,5
20120728,2012,6,4,5
20120729,2012,6,4,5
20120730,2012,6,4,5
20120731,2012,6,4,5
20120801,2012,6,4,5
20120802,2012,6,4,5
20120803,2012,6,4,5
20120804,2012,6,4,5
20120805,2012,6,4,5
20120806,2012,6,4,5
20120807,2012,6,4,5
20120808,2012,6,4,5
20120809,2012,6,4,5
20120810,2012,6,4,5
20120811,2012,6,4,5
20120812,2012,6,4,5
20120813,2012,6,4,5
20120814,2012,6,4,5
20120815,2012,6,4,5
20120816,2012,6,4,5
20120817,2012,6,4,5
20120818,2012,6,4,5
20120819,2012,6,4,5
20120820,2012,6,4,5
20120821,2012,6,4,5
20120822,2012,6,4,5
20120823,2012,6,4,5
20120824,2012,6,4,5
20120825,2012,6,4,5
20120826,2012,6,4,5
20120827,2012,6,4,5
20120828,2012,6,4,5
20120829,2012,6,4,5
20120830,2012,6,4,5
20120831,2012,6,4,5
20120901,2012,6,4,5
20120902,2012,6,4,5
20120903,2012,6,4,5
20120904,2012,6,4,5
20120905,2012,6,4,5
20120906,2012,6,4,5
20120907,2012,6,4,5
20120908,2012,6,4,5
20120909,2012,6,4,5
20120910,2012,6,4,5
20120911,2012,6,4,5
20120912,2012,6,4,5
20120913,2012,6,4,5
20120914,2012,6,4,5
20120915,2012,6,4,5
20120916,2012,6,4,5
20120917,2012,6,4,5
20120918,2012,6,4,5
20120919,2012,6,4,5
20120920,2012,6,4,5
20120921,2012,6,4,5
20120922,2012,6,4,5
20120923,2012,6,4,5
20120924,2012,6,4,5
20120925,2012,6,4,5
20120926,2012,6,4,5
20120927,2012,6,4,5
20120928,2012,6,4,5
20120929,2012,6,4,5
20120930,2012,6,4,5
20121001,2012,6,4,5
20121002,2012,6,4,5
20121003,2012,6,4,5
20121004,2012,6,4,5
20121005,2012,6,4,5
20121006,2012,6,4,5
20121007,2012,6,4,5
20121008,2012,6,4,5
20121009,2012,6,4,5
20121010,2012,6,4,5
20121011,2012,6,4,5
20121012,2012,6,4,5
20121013,2012,6,4,5
20121014,2012,6,4,5
20121015,2012,6,4,5
20121016,2012,6,4,5
20121017,2012,6,4,5
20121018,2012,6,4,5
20121019,2012,6,4,5
20121020,2012,6,4,5
20121021,2012,6,4,5
20121022,2012,6,4,5
20121023,2012,6,4,5
20121024,2012,6,4,5
20121025,2012,6,4,5
20121026,2012,6,4,5
20121027,2012,6,4,5
20121028,2012,6,4,5
20121029,2012,6,4,5
20121030,2012,6,4,5
20121031,2012,6,4,5
20121101,2012,6,4,5
20121102,2012,6,4,5
20121103,2012,6,4,5
20121104,2012,6,4,5
20121105,2012,6,4,5
20121106,2012,6,4,5
20121107,2012,6,4,5
20121108,2012,6,4,5
20121109,2012,6,4,5
20121110,2012,6,4,5
20121111,2012,6,4,5
20121112,2012,6,4,5
20121113,2012,6,4,5
20121114,2012,6,4,5
20121115,2012,6,4,5
20121116,2012,6,4,5
20121117,2012,6,4,5
20121118,2012,6,4,5
20121119,2012,6,4,5
20121120,2012,6,4,5
20121121,2012,6,4,5
20121122,2012,6,4,5
20121123,2012,6,4,5
20121124,2012,6,4,5
20121125,2012,6,4,5
20121126,2012,6,4,5
20121127,2012,6,4,5
20121128,2012,6,4,5
20121129,2012,6,4,5
20121130,2012,6,4,5
20121201,2012,6,4,5
20121202,2012,6,4,5
20121203,2012,6,4,5
20121204,2012,6,4,5
20121205,2012,6,4,5
20121206,2012,6,4,5
20121207,2012,6,4,5
20121208,2012,6,4,5
20121209,2012,6,4,5
20121210,2012,6,4,5
20121211,2012,6,4,5
20121212,2012,6,4,5
20121213,2012,6,4,5
20121214,2012,6,4,5
20121215,2012,6,4,5
20121216,2012,6,4,5
20121217,2012,6,4,5
20121218,2012,6,4,5
20121219,2012,6,4,5
20121220,2012,6,4,5
20121221,2012,6,4,5
20121222,2012,6,4,5
20121223,2012,6,4,5
20121224,2012,6,4,5
20121225,2012,6,4,5
20121226,2012,6,4,5
20121227,2012,6,4,5
20121228,2012,6,4,5
20121229,2012,6,4,5
20121230,2012,6,4,5
20121231,2012,6,4,5
20170101,2017,6,4,5
20170102,2017,6,4,5
20170103,2017,6,4,5
20170104,2017,6,4,5
20170105,2017,6,4,5
20170106,2017,6,4,5
20170107,2017,6,4,5
20170108,2017,6,4,5
20170109,2017,6,4,5
20170110,2017,6,4,5
20170111,2017,6,4,5
20170112,2017,6,4,5
20170113,2017,6,4,5
20170114,2017,6,4,5
20170115,2017,6,4,5
20170116,2017,6,4,5
20170117,2017,6,4,5
20170118,2017,6,4,5
20170119,2017,6,4,5
20170120,2017,6,4,5
20170121,2017,6,4,5
20170122,2017,6,4,5
20170123,2017,6,4,5
20170124,2017,6,4,5
20170125,2017,6,4,5
20170126,2017,6,4,5
20170127,2017,6,4,5
20170128,2017,6,4,5
20170129,2017,6,4,5
20170130,2017,6,4,5
20170131,2017,6,4,5
20170201,2017,6,4,5
20170202,2017,6,4,5
20170203,2017,6,4,5
20170204,2017,6,4,5
20170205,2017,6,4,5
20170206,2017,6,4,5
20170207,2017,6,4,5
20170208,2017,6,4,5
20170209,2017,6,4,5
20170210,2017,6,4,5
20170211,2017,6,4,5
20170212,2017,6,4,5
20170213,2017,6,4,5
20170214,2017,6,4,5
20170215,2017,6,4,5
20170216,2017,6,4,5
20170217,2017,6,4,5
20170218,2017,6,4,5
20170219,2017,6,4,5
20170220,2017,6,4,5
20170221,2017,6,4,5
20170222,2017,6,4,5
20170223,2017,6,4,5
20170224,2017,6,4,5
20170225,2017,6,4,5
20170226,2017,6,4,5
20170227,2017,6,4,5
20170228,2017,6,4,5
20170301,2017,6,4,5
20170302,2017,6,4,5
20170303,2017,6,4,5
20170304,2017,6,4,5
20170305,2017,6,4,5
20170306,2017,6,4,5
20170307,2017,6,4,5
20170308,2017,6,4,5
20170309,2017,6,4,5
20170310,2017,6,4,5
20170311,2017,6,4,5
20170312,2017,6,4,5
20170313,2017,6,4,5
20170314,2017,6,4,5
20170315,2017,6,4,5
20170316,2017,6,4,5
20170317,2017,6,4,5
20170318,2017,6,4,5
20170319,2017,6,4,5
20170320,2017,6,4,5
20170321,2017,6,4,5
20170322,2017,6,4,5
20170323,2017,6,4,5
20170324,2017,6,4,5
20170325,2017,6,4,5
20170326,2017,6,4,5
20170327,2017,6,4,5
20170328,2017,6,4,5
20170329,2017,6,4,5
20170330,2017,6,4,5
20170331,2017,6,4,5
20170401,2017,6,4,5
20170402,2017,6,4,5
20170403,2017,6,4,5
20170404,2017,6,4,5
20170405,2017,6,4,5
20170406,2017,6,4,5
20170407,2017,6,4,5
20170408,2017,6,4,5
20170409,2017,6,4,5
20170410,2017,6,4,5
20170411,2017,6,4,5
20170412,2017,6,4,5
20170413,2017,6,4,5
20170414,2017,6,4,5
20170415,2017,6,4,5
20170416,2017,6,4,5
20170417,2017,6,4,5
20170418,2017,6,4,5
20170419,2017,6,4,5
20170420,2017,6,4,5
20170421,2017,6,4,5
20170422,2017,6,4,5
20170423,2017,6,4,5
20170424,2017,6,4,5
20170425,2017,6,4,5
20170426,2017,6,4,5
20170427,2017,6,4,5
20170428,2017,6,4,5
20170429,2017,6,4,5
20170430,2017,6,4,5
20170501,2017,6,4,5
20170502,2017,6,4,5
20170503,2017,6,4,5
20170504,2017,6,4,5
20170505,2017,6,4,5
20170506,2017,6,4,5
20170507,2017,6,4,5
20170508,2017,6,4,5
20170509,2017,6,4,5
20170510,2017,6,4,5
20170511,2017,6,4,5
20170512,2017,6,4,5
20170513,2017,6,4,5
20170514,2017,6,4,5
20170515,2017,6,4,5
20170516,2017,6,4,5
20170517,2017,6,4,5
20170518,2017,6,4,5
20170519,2017,6,4,5
20170520,2017,6,4,5
20170521,2017,6,4,5
20170522,2017,6,4,5
20170523,2017,6,4,5
20170524,2017,6,4,5
20170525,2017,6,4,5
20170526,2017,6,4,5
20170527,2017,6,4,5
20170528,2017,6,4,5
20170529,2017,6,4,5
20170530,2017,6,4,5
20170531,2017,6,4,5
20170601,2017,6,4,5
20170602,2017,6,4,5
20170603,2017,6,4,5
20170604,2017,6,4,5
20170605,2017,6,4,5
20170606,2017,6,4,5
20170607,2017,6,4,5
20170608,2017,6,4,5
20170609,2017,6,4,5
20170610,2017,6,4,5
20170611,2017,6,4,5
20170612,2017,6,4,5
20170613,2017,6,4,5
20170614,2017,6,4,5
20170615,2017,6,4,5
20170616,2017,6,4,5
20170617,2017,6,4,5
20170618,2017,6,4,5
20170619,2017,6,4,5
20170620,2017,6,4,5
20170621,2017,6,4,5
20170622,2017,6,4,5
20170623,2017,6,4,5
20170624,2017,6,4,5
20170625,2017,6,4,5
20170626,2017,6,4,5
20170627,2017,6,4,5
20170628,2017,6,4,5
20170629,2017,6,4,5
20170630,2017,6,4,5
20170701,2017,6,4,5
20170702,2017,6,4,5
20170703,2017,6,4,5
20170704,2017,6,4,5
20170705,2017,6,4,5
20170706,2017,6,4,5
20170707,2017,6,4,5
20170708,2017,6,4,5
20170709,2017,6,4,5
20170710,2017,6,4,5
20170711,2017,6,4,5
20170712,2017,6,4,5
20170713,2017,6,4,5
20170714,2017,6,4,5
20170715,2017,6,4,5
20170716,2017,6,4,5
20170717,2017,6,4,5
20170718,2017,6,4,5
20170719,2017,6,4,5
20170720,2017,6,4,5
20170721,2017,6,4,5
20170722,2017,6,4,5
20170723,2017,6,4,5
20170724,2017,6,4,5
20170725,2017,6,4,5
20170726,2017,6,4,5
20170727,2017,6,4,5
20170728,2017,6,4,5
20170729,2017,6,4,5
20170730,2017,6,4,5
20170731,2017,6,4,5
20170801,2017,6,4,5
20170802,2017,6,4,5
20170803,2017,6,4,5
20170804,2017,6,4,5
20170805,2017,6,4,5
20170806,2017,6,4,5
20170807,2017,6,4,5
20170808,2017,6,4,5
20170809,2017,6,4,5
20170810,2017,6,4,5
20170811,2017,6,4,5
20170812,2017,6,4,5
20170813,2017,6,4,5
20170814,2017,6,4,5
20170815,2017,6,4,5
20170816,2017,6,4,5
20170817,2017,6,4,5
20170818,2017,6,4,5
20170819,2017,6,4,5
20170820,2017,6,4,5
20170821,2017,6,4,5
20170822,2017,6,4,5
20170823,2017,6,4,5
20170824,2017,6,4,5
20170825,2017,6,4,5
20170826,2017,6,4,5
20170827,2017,6,4,5
20170828,2017,6,4,5
20170829,2017,6,4,5
20170830,2017,6,4,5
20170831,2017,6,4,5
20170901,2017,6,4,5
20170902,2017,6,4,5
20170903,2017,6,4,5
20170904,2017,6,4,5
20170905,2017,6,4,5
20170906,2017,6,4,5
20170907,2017,6,4,5
20170908,2017,6,4,5
20170909,2017,6,4,5
20170910,2017,6,4,5
20170911,2017,6,4,5
20170912,2017,6,4,5
20170913,2017,6,4,5
20170914,2017,6,4,5
20170915,2017,6,4,5
20170916,2017,6,4,5
20170917,2017,6,4,5
20170918,2017,6,4,5
20170919,2017,6,4,5
20170920,2017,6,4,5
20170921,2017,6,4,5
20170922,2017,6,4,5
20170923,2017,6,4,5
20170924,2017,6,4,5
20170925,2017,6,4,5
20170926,2017,6,4,5
20170927,2017,6,4,5
20170928,2017,6,4,5
20170929,2017,6,4,5
20170930,2017,6,4,5
20171001,2017,6,4,5
20171002,2017,6,4,5
20171003,2017,6,4,5
20171004,2017,6,4,5
20171005,2017,6,4,5
20171006,2017,6,4,5
20171007,2017,6,4,5
20171008,2017,6,4,5
20171009,2017,6,4,5
20171010,2017,6,4,5
20171011,2017,6,4,5
20171012,2017,6,4,5
20171013,2017,6,4,5
20171014,2017,6,4,5
20171015,2017,6,4,5
20171016,2017,6,4,5
20171017,2017,6,4,5
20171018,2017,6,4,5
20171019,2017,6,4,5
20171020,2017,6,4,5
20171021,2017,6,4,5
20171022,2017,6,4,5
20171023,2017,6,4,5
20171024,2017,6,4,5
20171025,2017,6,4,5
20171026,2017,6,4,5
20171027,2017,6,4,5
20171028,2017,6,4,5
20171029,2017,6,4,5
20171030,2017,6,4,5
20171031,2017,6,4,5
20171101,2017,6,4,5
20171102,2017,6,4,5
20171103,2017,6,4,5
20171104,2017,6,4,5
20171105,2017,6,4,5
20171106,2017,6,4,5
20171107,2017,6,4,5
20171108,2017,6,4,5
20171109,2017,6,4,5
20171110,2017,6,4,5
20171111,2017,6,4,5
20171112,2017,6,4,5
20171113,2017,6,4,5
20171114,2017,6,4,5
20171115,2017,6,4,5
20171116,2017,6,4,5
20171117,2017,6,4,5
20171118,2017,6,4,5
20171119,2017,6,4,5
20171120,2017,6,4,5
20171121,2017,6,4,5
20171122,2017,6,4,5
20171123,2017,6,4,5
20171124,2017,6,4,5
20171125,2017,6,4,5
20171126,2017,6,4,5
20171127,2017,6,4,5
20171128,2017,6,4,5
20171129,2017,6,4,5
20171130,2017,6,4,5
20171201,2017,6,4,5
20171202,2017,6,4,5
20171203,2017,6,4,5
20171204,2017,6,4,5
20171205,2017,6,4,5
20171206,2017,6,4,5
20171207,2017,6,4,5
20171208,2017,6,4,5
20171209,2017,6,4,5
20171210,2017,6,4,5
20171211,2017,6,4,5
20171212,2017,6,4,5
20171213,2017,6,4,5
20171214,2017,6,4,5
20171215,2017,6,4,5
20171216,2017,6,4,5
20171217,2017,6,4,5
20171218,2017,6,4,5
20171219,2017,6,4,5
20171220,2017,6,4,5
20171221,2017,6,4,5
20171222,2017,6,4,5
20171223,2017,6,4,5
20171224,2017,6,4,5
20171225,2017,6,4,5
20171226,2017,6,4,5
20171227,2017,6,4,5
20171228,2017,6,4,5
20171229,2017,6,4,5
20171230,2017,6,4,5
20171231,2017,6,4,5
20220101,2022,6,4,5
20220102,2022,6,4,5
20220103,2022,6,4,5
20220104,2022,6,4,5
20220105,2022,6,4,5
20220106,2022,6,4,5
20220107,2022,6,4,5
20220108,2022,6,4,5
20220109,2022,6,4,5
20220110,2022,6,4,5
20220111,2022,6,4,5
20220112,2022,6,4,5
20220113,2022,6,4,5
20220114,2022,6,4,5
20220115,2022,6,4,5
20220116,2022,6,4,5
20220117,2022,6,4,5
20220118,2022,6,4,5
20220119,2022,6,4,5
20220120,2022,6,4,5
20220121,2022,6,4,5
20220122,2022,6,4,5
20220123,2022,6,4,5
20220124,2022,6,4,5
20220125,2022,6,4,5
20220126,2022,6,4,5
20220127,2022,6,4,5
20220128,2022,6,4,5
20220129,2022,6,4,5
20220130,2022,6,4,5
20220131,2022,6,4,5
20220201,2022,6,4,5
20220202,2022,6,4,5
20220203,2022,6,4,5
20220204,2022,6,4,5
20220205,2022,6,4,5
20220206,2022,6,4,5
20220207,2022,6,4,5
20220208,2022,6,4,5
20220209,2022,6,4,5
20220210,2022,6,4,5
20220211,2022,6,4,5
20220212,2022,6,4,5
20220213,2022,6,4,5
20220214,2022,6,4,5
20220215,2022,6,4,5
20220216,2022,6,4,5
20220217,2022,6,4,5
20220218,2022,6,4,5
20220219,2022,6,4,5
20220220,2022,6,4,5
20220221,2022,6,4,5
20220222,2022,6,4,5
20220223,2022,6,4,5
20220224,2022,6,4,5
20220225,2022,6,4,5
20220226,2022,6,4,5
20220227,2022,6,4,5
20220228,2022,6,4,5
20220301,2022,6,4,5
20220302,2022,6,4,5
20220303,2022,6,4,5
20220304,2022,6,4,5
20220305,2022,6,4,5
20220306,2022,6,4,5
20220307,2022,6,4,5
20220308,2022,6,4,5
20220309,2022,6,4,5
20220310,2022,6,4,5
20220311,2022,6,4,5
20220312,2022,6,4,5
20220313,2022,6,4,5
20220314,2022,6,4,5
20220315,2022,6,4,5
20220316,2022,6,4,5
20220317,2022,6,4,5
20220318,2022,6,4,5
20220319,2022,6,4,5
20220320,2022,6,4,5
20220321,2022,6,4,5
20220322,2022,6,4,5
20220323,2022,6,4,5
20220324,2022,6,4,5
20220325,2022,6,4,5
20220326,2022,6,4,5
20220327,2022,6,4,5
20220328,2022,6,4,5
20220329,2022,6,4,5
20220330,2022,6,4,5
20220331,2022,6,4,5
20220401,2022,6,4,5
20220402,2022,6,4,5
20220403,2022,6,4,5
20220404,2022,6,4,5
20220405,2022,6,4,5
20220406,2022,6,4,5
20220407,2022,6,4,5
20220408,2022,6,4,5
20220409,2022,6,4,5
20220410,2022,6,4,5
20220411,2022,6,4,5
20220412,2022,6,4,5
20220413,2022,6,4,5
20220414,2022,6,4,5
20220415,2022,6,4,5
20220416,2022,6,4,5
20220417,2022,6,4,5
20220418,2022,6,4,5
20220419,2022,6,4,5
20220420,2022,6,4,5
20220421,2022,6,4,5
20220422,2022,6,4,5
20220423,2022,6,4,5
20220424,2022,6,4,5
20220425,2022,6,4,5
20220426,2022,6,4,5
20220427,2022,6,4,5
20220428,2022,6,4,5
20220429,2022,6,4,5
20220430,2022,6,4,5
20220501,2022,6,4,5
20220502,2022,6,4,5
20220503,2022,6,4,5
20220504,2022,6,4,5
20220505,2022,6,4,5
20220506,2022,6,4,5
20220507,2022,6,4,5
20220508,2022,6,4,5
20220509,2022,6,4,5
20220510,2022,6,4,5
20220511,2022,6,4,5
20220512,2022,6,4,5
20220513,2022,6,4,5
20220514,2022,6,4,5
20220515,2022,6,4,5
20220516,2022,6,4,5
20220517,2022,6,4,5
20220518,2022,6,4,5
20220519,2022,6,4,5
20220520,2022,6,4,5
20220521,2022,6,4,5
20220522,2022,6,4,5
20220523,2022,6,4,5
20220524,2022,6,4,5
20220525,2022,6,4,5
20220526,2022,6,4,5
20220527,2022,6,4,5
20220528,2022,6,4,5
20220529,2022,6,4,5
20220530,2022,6,4,5
20220531,2022,6,4,5
20220601,2022,6,4,5
20220602,2022,6,4,5
20220603,2022,6,4,5
20220604,2022,6,4,5
20220605,2022,6,4,5
20220606,2022,6,4,5
20220607,2022,6,4,5
20220608,2022,6,4,5
20220609,2022,6,4,5
20220610,2022,6,4,5
20220611,2022,6,4,5
20220612,2022,6,4,5
20220613,2022,6,4,5
20220614,2022,6,4,5
20220615,2022,6,4,5
20220616,2022,6,4,5
20220617,2022,6,4,5
20220618,2022,6,4,5
20220619,2022,6,4,5
20220620,2022,6,4,5
20220621,2022,6,4,5
20220622,2022,6,4,5
20220623,2022,6,4,5
20220624,2022,6,4,5
20220625,2022,6,4,5
20220626,2022,6,4,5
20220627,2022,6,4,5
20220628,2022,6,4,5
20220629,2022,6,4,5
20220630,2022,6,4,5
20220701,2022,6,4,5
20220702,2022,6,4,5
20220703,2022,6,4,5
20220704,2022,6,4,5
20220705,2022,6,4,5
20220706,2022,6,4,5
20220707,2022,6,4,5
20220708,2022,6,4,5
20220709,2022,6,4,5
20220710,2022,6,4,5
20220711,2022,6,4,5
20220712,2022,6,4,5
20220713,2022,6,4,5
20220714,2022,6,4,5
20220715,2022,6,4,5
20220716,2022,6,4,5
20220717,2022,6,4,5
20220718,2022,6,4,5
20220719,2022,6,4,5
20220720,2022,6,4,5
20220721,2022,6,4,5
20220722,2022,6,4,5
20220723,2022,6,4,5
20220724,2022,6,4,5
20220725,2022,6,4,5
20220726,2022,6,4,5
20220727,2022,6,4,5
20220728,2022,6,4,5
20220729,2022,6,4,5
20220730,2022,6,4,5
20220731,2022,6,4,5
20220801,2022,6,4,5
20220802,2022,6,4,5
20220803,2022,6,4,5
20220804,2022,6,4,5
20220805,2022,6,4,5
20220806,2022,6,4,5
20220807,2022,6,4,5
20220808,2022,6,4,5
20220809,2022,6,4,5
20220810,2022,6,4,5
20220811,2022,6,4,5
20220812,2022,6,4,5
20220813,2022,6,4,5
20220814,2022,6,4,5
20220815,2022,6,4,5
20220816,2022,6,4,5
20220817,2022,6,4,5
20220818,2022,6,4,5
20220819,2022,6,4,5
20220820,2022,6,4,5
20220821,2022,6,4,5
20220822,2022,6,4,5
20220823,2022,6,4,5
20220824,2022,6,4,5
20220825,2022,6,4,5
20220826,2022,6,4,5
20220827,2022,6,4,5
20220828,2022,6,4,5
20220829,2022,6,4,5
20220830,2022,6,4,5
20220831,2022,6,4,5
20220901,2022,6,4,5
20220902,2022,6,4,5
20220903,2022,6,4,5
20220904,2022,6,4,5
20220905,2022,6,4,5
20220906,2022,6,4,5
20220907,2022,6,4,5
20220908,2022,6,4,5
20220909,2022,6,4,5
20220910,2022,6,4,5
20220911,2022,6,4,5
20220912,2022,6,4,5
20220913,2022,6,4,5
20220914,2022,6,4,5
20220915,2022,6,4,5
20220916,2022,6,4,5
20220917,2022,6,4,5
20220918,2022,6,4,5
20220919,2022,6,4,5
20220920,2022,6,4,5
20220921,2022,6,4,5
20220922,2022,6,4,5
20220923,2022,6,4,5
20220924,2022,6,4,5
20220925,2022,6,4,5
20220926,2022,6,4,5
20220927,2022,6,4,5
20220928,2022,6,4,5
20220929,2022,6,4,5
20220930,2022,6,4,5
20221001,2022,6,4,5
20221002,2022,6,4,5
20221003,2022,6,4,5
20221004,2022,6,4,5
20221005,2022,6,4,5
20221006,2022,6,4,5
20221007,2022,6,4,5
20221008,2022,6,4,5
20221009,2022,6,4,5
20221010,2022,6,4,5
20221011,2022,6,4,5
20221012,2022,6,4,5
20221013,2022,6,4,5
20221014,2022,6,4,5
20221015,2022,6,4,5
20221016,2022,6,4,5
20221017,2022,6,4,5
20221018,2022,6,4,5
20221019,2022,6,4,5
20221020,2022,6,4,5
20221021,2022,6,4,5
20221022,2022,6,4,5
20221023,2022,6,4,5
20221024,2022,6,4,5
20221025,2022,6,4,5
20221026,2022,6,4,5
20221027,2022,6,4,5
20221028,2022,6,4,5
20221029,2022,6,4,5
20221030,2022,6,4,5
20221031,2022,6,4,5
20221101,2022,6,4,5
20221102,2022,6,4,5
20221103,2022,6,4,5
20221104,2022,6,4,5
20221105,2022,6,4,5
20221106,2022,6,4,5
20221107,2022,6,4,5
20221108,2022,6,4,5
20221109,2022,6,4,5
20221110,2022,6,4,5
20221111,2022,6,4,5
20221112,2022,6,4,5
20221113,2022,6,4,5
20221114,2022,6,4,5
20221115,2022,6,4,5
20221116,2022,6,4,5
20221117,2022,6,4,5
20221118,2022,6,4,5
20221119,2022,6,4,5
20221120,2022,6,4,5
20221121,2022,6,4,5
20221122,2022,6,4,5
20221123,2022,6,4,5
20221124,2022,6,4,5
20221125,2022,6,4,5
20221126,2022,6,4,5
20221127,2022,6,4,5
20221128,2022,6,4,5
20221129,2022,6,4,5
20221130,2022,6,4,5
20221201,2022,6,4,5
20221202,2022,6,4,5
20221203,2022,6,4,5
20221204,2022,6,4,5
20221205,2022,6,4,5
20221206,2022,6,4,5
20221207,2022,6,4,5
20221208,2022,6,4,5
20221209,2022,6,4,5
20221210,2022,6,4,5
20221211,2022,6,4,5
20221212,2022,6,4,5
20221213,2022,6,4,5
20221214,2022,6,4,5
20221215,2022,6,4,5
20221216,2022,6,4,5
20221217,2022,6,4,5
20221218,2022,6,4,5
20221219,2022,6,4,5
20221220,2022,6,4,5
20221221,2022,6,4,5
20221222,2022,6,4,5
20221223,2022,6,4,5
20221224,2022,6,4,5
20221225,2022,6,4,5
20221226,2022,6,4,5
20221227,2022,6,4,5
20221228,2022,6,4,5
20221229,2022,6,4,5
20221230,2022,6,4,5
20221231,2022,6,4,5
20270101,2027,6,4,5
20270102,2027,6,4,5
20270103,2027,6,4,5
20270104,2027,6,4,5
20270105,2027,6,4,5
20270106,2027,6,4,5
20270107,2027,6,4,5
20270108,2027,6,4,5
20270109,2027,6,4,5
20270110,2027,6,4,5
20270111,2027,6,4,5
20270112,2027,6,4,5
20270113,2027,6,4,5
20270114,2027,6,4,5
20270115,2027,6,4,5
20270116,2027,6,4,5
20270117,2027,6,4,5
20270118,2027,6,4,5
20270119,2027,6,4,5
20270120,2027,6,4,5
20270121,2027,6,4,5
20270122,2027,6,4,5
20270123,2027,6,4,5
20270124,2027,6,4,5
20270125,2027,6,4,5
20270126,2027,6,4,5
20270127,2027,6,4,5
20270128,2027,6,4,5
20270129,2027,6,4,5
20270130,2027,6,4,5
20270131,2027,6,4,5
20270201,2027,6,4,5
20270202,2027,6,4,5
20270203,2027,6,4,5
20270204,2027,6,4,5
20270205,2027,6,4,5
20270206,2027,6,4,5
20270207,2027,6,4,5
20270208,2027,6,4,5
20270209,2027,6,4,5
20270210,2027,6,4,5
20270211,2027,6,4,5
20270212,2027,6,4,5
20270213,2027,6,4,5
20270214,2027,6,4,5
20270215,2027,6,4,5
20270216,2027,6,4,5
20270217,2027,6,4,5
20270218,2027,6,4,5
20270219,2027,6,4,5
20270220,2027,6,4,5
20270221,2027,6,4,5
20270222,2027,6,4,5
20270223,2027,6,4,5
20270224,2027,6,4,5
20270225,2027,6,4,5
20270226,2027,6,4,5
20270227,2027,6,4,5
20270228,2027,6,4,5
20270301,2027,6,4,5
20270302,2027,6,4,5
20270303,2027,6,4,5
20270304,2027,6,4,5
20270305,2027,6,4,5
20270306,2027,6,4,5
20270307,2027,6,4,5
20270308,2027,6,4,5
20270309,2027,6,4,5
20270310,2027,6,4,5
20270311,2027,6,4,5
20270312,2027,6,4,5
20270313,2027,6,4,5
20270314,2027,6,4,5
20270315,2027,6,4,5
20270316,2027,6,4,5
20270317,2027,6,4,5
20270318,2027,6,4,5
20270319,2027,6,4,5
20270320,2027,6,4,5
20270321,2027,6,4,5
20270322,2027,6,4,5
20270323,2027,6,4,5
20270324,2027,6,4,5
20270325,2027,6,4,5
20270326,2027,6,4,5
20270327,2027,6,4,5
20270328,2027,6,4,5
20270329,2027,6,4,5
20270330,2027,6,4,5
20270331,2027,6,4,5
20270401,2027,6,4,5
20270402,2027,6,4,5
20270403,2027,6,4,5
20270404,2027,6,4,5
20270405,2027,6,4,5
20270406,2027,6,4,5
20270407,2027,6,4,5
20270408,2027,6,4,5
20270409,2027,6,4,5
20270410,2027,6,4,5
20270411,2027,6,4,5
20270412,2027,6,4,5
20270413,2027,6,4,5
20270414,2027,6,4,5
20270415,2027,6,4,5
20270416,2027,6,4,5
20270417,2027,6,4,5
20270418,2027,6,4,5
20270419,2027,6,4,5
20270420,2027,6,4,5
20270421,2027,6,4,5
20270422,2027,6,4,5
20270423,2027,6,4,5
20270424,2027,6,4,5
20270425,2027,6,4,5
20270426,2027,6,4,5
20270427,2027,6,4,5
20270428,2027,6,4,5
20270429,2027,6,4,5
20270430,2027,6,4,5
20270501,2027,6,4,5
20270502,2027,6,4,5
20270503,2027,6,4,5
20270504,2027,6,4,5
20270505,2027,6,4,5
20270506,2027,6,4,5
20270507,2027,6,4,5
20270508,2027,6,4,5
20270509,2027,6,4,5
20270510,2027,6,4,5
20270511,2027,6,4,5
20270512,2027,6,4,5
20270513,2027,6,4,5
20270514,2027,6,4,5
20270515,2027,6,4,5
20270516,2027,6,4,5
20270517,2027,6,4,5
20270518,2027,6,4,5
20270519,2027,6,4,5
20270520,2027,6,4,5
20270521,2027,6,4,5
20270522,2027,6,4,5
20270523,2027,6,4,5
20270524,2027,6,4,5
20270525,2027,6,4,5
20270526,2027,6,4,5
20270527,2027,6,4,5
20270528,2027,6,4,5
20270529,2027,6,4,5
20270530,2027,6,4,5
20270531,2027,6,4,5
20270601,2027,6,4,5
20270602,2027,6,4,5
20270603,2027,6,4,5
20270604,2027,6,4,5
20270605,2027,6,4,5
20270606,2027,6,4,5
20270607,2027,6,4,5
20270608,2027,6,4,5
20270609,2027,6,4,5
20270610,2027,6,4,5
20270611,2027,6,4,5
20270612,2027,6,4,5
20270613,2027,6,4,5
20270614,2027,6,4,5
20270615,2027,6,4,5
20270616,2027,6,4,5
20270617,2027,6,4,5
20270618,2027,6,4,5
20270619,2027,6,4,5
20270620,2027,6,4,5
20270621,2027,6,4,5
20270622,2027,6,4,5
20270623,2027,6,4,5
20270624,2027,6,4,5
20270625,2027,6,4,5
20270626,2027,6,4,5
20270627,2027,6,4,5
20270628,2027,6,4,5
20270629,2027,6,4,5
20270630,2027,6,4,5
20270701,2027,6,4,5
20270702,2027,6,4,5
20270703,2027,6,4,5
20270704,2027,6,4,5
20270705,2027,6,4,5
20270706,2027,6,4,5
20270707,2027,6,4,5
20270708,2027,6,4,5
20270709,2027,6,4,5
20270710,2027,6,4,5
20270711,2027,6,4,5
20270712,2027,6,4,5
20270713,2027,6,4,5
20270714,2027,6,4,5
20270715,2027,6,4,5
20270716,2027,6,4,5
20270717,2027,6,4,5
20270718,2027,6,4,5
20270719,2027,6,4,5
20270720,2027,6,4,5
20270721,2027,6,4,5
20270722,2027,6,4,5
20270723,2027,6,4,5
20270724,2027,6,4,5
20270725,2027,6,4,5
20270726,2027,6,4,5
20270727,2027,6,4,5
20270728,2027,6,4,5
20270729,2027,6,4,5
20270730,2027,6,4,5
20270731,2027,6,4,5
20270801,2027,6,4,5
20270802,2027,6,4,5
20270803,2027,6,4,5
20270804,2027,6,4,5
20270805,2027,6,4,5
20270806,2027,6,4,5
20270807,2027,6,4,5
20270808,2027,6,4,5
20270809,2027,6,4,5
20270810,2027,6,4,5
20270811,2027,6,4,5
20270812,2027,6,4,5
20270813,2027,6,4,5
20270814,2027,6,4,5
20270815,2027,6,4,5
20270816,2027,6,4,5
20270817,2027,6,4,5
20270818,2027,6,4,5
20270819,2027,6,4,5
20270820,2027,6,4,5
20270821,2027,6,4,5
20270822,2027,6,4,5
20270823,2027,6,4,5
20270824,2027,6,4,5
20270825,2027,6,4,5
20270826,2027,6,4,5
20270827,2027,6,4,5
20270828,2027,6,4,5
20270829,2027,6,4,5
20270830,2027,6,4,5
20270831,2027,6,4,5
20270901,2027,6,4,5
20270902,2027,6,4,5
20270903,2027,6,4,5
20270904,2027,6,4,5
20270905,2027,6,4,5
20270906,2027,6,4,5
20270907,2027,6,4,5
20270908,2027,6,4,5
20270909,2027,6,4,5
20270910,2027,6,4,5
20270911,2027,6,4,5
20270912,2027,6,4,5
20270913,2027,6,4,5
20270914,2027,6,4,5
20270915,2027,6,4,5
20270916,2027,6,4,5
20270917,2027,6,4,5
20270918,2027,6,4,5
20270919,2027,6,4,5
20270920,2027,6,4,5
20270921,2027,6,4,5
20270922,2027,6,4,5
20270923,2027,6,4,5
20270924,2027,6,4,5
20270925,2027,6,4,5
20270926,2027,6,4,5
20270927,2027,6,4,5
20270928,2027,6,4,5
20270929,2027,6,4,5
20270930,2027,6,4,5
20271001,2027,6,4,5
20271002,2027,6,4,5
20271003,2027,6,4,5
20271004,2027,6,4,5
20271005,2027,6,4,5
20271006,2027,6,4,5
20271007,2027,6,4,5
20271008,2027,6,4,5
20271009,2027,6,4,5
20271010,2027,6,4,5
20271011,2027,6,4,5
20271012,2027,6,4,5
20271013,2027,6,4,5
20271014,2027,6,4,5
20271015,2027,6,4,5
20271016,2027,6,4,5
20271017,2027,6,4,5
20271018,2027,6,4,5
20271019,2027,6,4,5
20271020,2027,6,4,5
20271021,2027,6,4,5
20271022,2027,6,4,5
20271023,2027,6,4,5
20271024,2027,6,4,5
20271025,2027,6,4,5
20271026,2027,6,4,5
20271027,2027,6,4,5
20271028,2027,6,4,5
20271029,2027,6,4,5
20271030,2027,6,4,5
20271031,2027,6,4,5
20271101,2027,6,4,5
20271102,2027,6,4,5
20271103,2027,6,4,5
20271104,2027,6,4,5
20271105,2027,6,4,5
20271106,2027,6,4,5
20271107,2027,6,4,5
20271108,2027,6,4,5
20271109,2027,6,4,5
20271110,2027,6,4,5
20271111,2027,6,4,5
20271112,2027,6,4,5
20271113,2027,6,4,5
20271114,2027,6,4,5
20271115,2027,6,4,5
20271116,2027,6,4,5
20271117,2027,6,4,5
20271118,2027,6,4,5
20271119,2027,6,4,5
20271120,2027,6,4,5
20271121,2027,6,4,5
20271122,2027,6,4,5
20271123,2027,6,4,5
20271124,2027,6,4,5
20271125,2027,6,4,5
20271126,2027,6,4,5
20271127,2027,6,4,5
20271128,2027,6,4,5
20271129,2027,6,4,5
20271130,2027,6,4,5
20271201,2027,6,4,5
20271202,2027,6,4,5
20271203,2027,6,4,5
20271204,2027,6,4,5
20271205,2027,6,4,5
20271206,2027,6,4,5
20271207,2027,6,4,5
20271208,2027,6,4,5
20271209,2027,6,4,5
20271210,2027,6,4,5
20271211,2027,6,4,5
20271212,2027,6,4,5
20271213,2027,6,4,5
20271214,2027,6,4,5
20271215,2027,6,4,5
20271216,2027,6,4,5
20271217,2027,6,4,5
20271218,2027,6,4,5
20271219,2027,6,4,5
20271220,2027,6,4,5
20271221,2027,6,4,5
20271222,2027,6,4,5
20271223,2027,6,4,5
20271224,2027,6,4,5
20271225,2027,6,4,5
20271226,2027,6,4,5
20271227,2027,6,4,5
20271228,2027,6,4,5
20271229,2027,6,4,5
20271230,2027,6,4,5
20271231,2027,6,4,5
20320101,2032,6,4,5
20320102,2032,6,4,5
20320103,2032,6,4,5
20320104,2032,6,4,5
20320105,2032,6,4,5
20320106,2032,6,4,5
20320107,2032,6,4,5
20320108,2032,6,4,5
20320109,2032,6,4,5
20320110,2032,6,4,5
20320111,2032,6,4,5
20320112,2032,6,4,5
20320113,2032,6,4,5
20320114,2032,6,4,5
20320115,2032,6,4,5
20320116,2032,6,4,5
20320117,2032,6,4,5
20320118,2032,6,4,5
20320119,2032,6,4,5
20320120,2032,6,4,5
20320121,2032,6,4,5
20320122,2032,6,4,5
20320123,2032,6,4,5
20320124,2032,6,4,5
20320125,2032,6,4,5
20320126,2032,6,4,5
20320127,2032,6,4,5
20320128,2032,6,4,5
20320129,2032,6,4,5
20320130,2032,6,4,5
20320131,2032,6,4,5
20320201,2032,6,4,5
20320202,2032,6,4,5
20320203,2032,6,4,5
20320204,2032,6,4,5
20320205,2032,6,4,5
20320206,2032,6,4,5
20320207,2032,6,4,5
20320208,2032,6,4,5
20320209,2032,6,4,5
20320210,2032,6,4,5
20320211,2032,6,4,5
20320212,2032,6,4,5
20320213,2032,6,4,5
20320214,2032,6,4,5
20320215,2032,6,4,5
20320216,2032,6,4,5
20320217,2032,6,4,5
20320218,2032,6,4,5
20320219,2032,6,4,5
20320220,2032,6,4,5
20320221,2032,6,4,5
20320222,2032,6,4,5
20320223,2032,6,4,5
20320224,2032,6,4,5
20320225,2032,6,4,5
20320226,2032,6,4,5
20320227,2032,6,4,5
20320228,2032,6,4,5
20320301,2032,6,4,5
20320302,2032,6,4,5
20320303,2032,6,4,5
20320304,2032,6,4,5
20320305,2032,6,4,5
20320306,2032,6,4,5
20320307,2032,6,4,5
20320308,2032,6,4,5
20320309,2032,6,4,5
20320310,2032,6,4,5
20320311,2032,6,4,5
20320312,2032,6,4,5
20320313,2032,6,4,5
20320314,2032,6,4,5
20320315,2032,6,4,5
20320316,2032,6,4,5
20320317,2032,6,4,5
20320318,2032,6,4,5
20320319,2032,6,4,5
20320320,2032,6,4,5
20320321,2032,6,4,5
20320322,2032,6,4,5
20320323,2032,6,4,5
20320324,2032,6,4,5
20320325,2032,6,4,5
20320326,2032,6,4,5
20320327,2032,6,4,5
20320328,2032,6,4,5
20320329,2032,6,4,5
20320330,2032,6,4,5
20320331,2032,6,4,5
20320401,2032,6,4,5
20320402,2032,6,4,5
20320403,2032,6,4,5
20320404,2032,6,4,5
20320405,2032,6,4,5
20320406,2032,6,4,5
20320407,2032,6,4,5
20320408,2032,6,4,5
20320409,2032,6,4,5
20320410,2032,6,4,5
20320411,2032,6,4,5
20320412,2032,6,4,5
20320413,2032,6,4,5
20320414,2032,6,4,5
20320415,2032,6,4,5
20320416,2032,6,4,5
20320417,2032,6,4,5
20320418,2032,6,4,5
20320419,2032,6,4,5
20320420,2032,6,4,5
20320421,2032,6,4,5
20320422,2032,6,4,5
20320423,2032,6,4,5
20320424,2032,6,4,5
20320425,2032,6,4,5
20320426,2032,6,4,5
20320427,2032,6,4,5
20320428,2032,6,4,5
20320429,2032,6,4,5
20320430,2032,6,4,5
20320501,2032,6,4,5
20320502,2032,6,4,5
20320503,2032,6,4,5
20320504,2032,6,4,5
20320505,2032,6,4,5
20320506,2032,6,4,5
20320507,2032,6,4,5
20320508,2032,6,4,5
20320509,2032,6,4,5
20320510,2032,6,4,5
20320511,2032,6,4,5
20320512,2032,6,4,5
20320513,2032,6,4,5
20320514,2032,6,4,5
20320515,2032,6,4,5
20320516,2032,6,4,5
20320517,2032,6,4,5
20320518,2032,6,4,5
20320519,2032,6,4,5
20320520,2032,6,4,5
20320521,2032,6,4,5
20320522,2032,6,4,5
20320523,2032,6,4,5
20320524,2032,6,4,5
20320525,2032,6,4,5
20320526,2032,6,4,5
20320527,2032,6,4,5
20320528,2032,6,4,5
20320529,2032,6,4,5
20320530,2032,6,4,5
20320531,2032,6,4,5
20320601,2032,6,4,5
20320602,2032,6,4,5
20320603,2032,6,4,5
20320604,2032,6,4,5
20320605,2032,6,4,5
20320606,2032,6,4,5
20320607,2032,6,4,5
20320608,2032,6,4,5
20320609,2032,6,4,5
20320610,2032,6,4,5
20320611,2032,6,4,5
20320612,2032,6,4,5
20320613,2032,6,4,5
20320614,2032,6,4,5
20320615,2032,6,4,5
20320616,2032,6,4,5
20320617,2032,6,4,5
20320618,2032,6,4,5
20320619,2032,6,4,5
20320620,2032,6,4,5
20320621,2032,6,4,5
20320622,2032,6,4,5
20320623,2032,6,4,5
20320624,2032,6,4,5
20320625,2032,6,4,5
20320626,2032,6,4,5
20320627,2032,6,4,5
20320628,2032,6,4,5
20320629,2032,6,4,5
20320630,2032,6,4,5
20320701,2032,6,4,5
20320702,2032,6,4,5
20320703,2032,6,4,5
20320704,2032,6,4,5
20320705,2032,6,4,5
20320706,2032,6,4,5
20320707,2032,6,4,5
20320708,2032,6,4,5
20320709,2032,6,4,5
20320710,2032,6,4,5
20320711,2032,6,4,5
20320712,2032,6,4,5
20320713,2032,6,4,5
20320714,2032,6,4,5
20320715,2032,6,4,5
20320716,2032,6,4,5
20320717,2032,6,4,5
20320718,2032,6,4,5
20320719,2032,6,4,5
20320720,2032,6,4,5
20320721,2032,6,4,5
20320722,2032,6,4,5
20320723,2032,6,4,5
20320724,2032,6,4,5
20320725,2032,6,4,5
20320726,2032,6,4,5
20320727,2032,6,4,5
20320728,2032,6,4,5
20320729,2032,6,4,5
20320730,2032,6,4,5
20320731,2032,6,4,5
20320801,2032,6,4,5
20320802,2032,6,4,5
20320803,2032,6,4,5
20320804,2032,6,4,5
20320805,2032,6,4,5
20320806,2032,6,4,5
20320807,2032,6,4,5
20320808,2032,6,4,5
20320809,2032,6,4,5
20320810,2032,6,4,5
20320811,2032,6,4,5
20320812,2032,6,4,5
20320813,2032,6,4,5
20320814,2032,6,4,5
20320815,2032,6,4,5
20320816,2032,6,4,5
20320817,2032,6,4,5
20320818,2032,6,4,5
20320819,2032,6,4,5
20320820,2032,6,4,5
20320821,2032,6,4,5
20320822,2032,6,4,5
20320823,2032,6,4,5
20320824,2032,6,4,5
20320825,2032,6,4,5
20320826,2032,6,4,5
20320827,2032,6,4,5
20320828,2032,6,4,5
20320829,2032,6,4,5
20320830,2032,6,4,5
20320831,2032,6,4,5
20320901,2032,6,4,5
20320902,2032,6,4,5
20320903,2032,6,4,5
20320904,2032,6,4,5
20320905,2032,6,4,5
20320906,2032,6,4,5
20320907,2032,6,4,5
20320908,2032,6,4,5
20320909,2032,6,4,5
20320910,2032,6,4,5
20320911,2032,6,4,5
20320912,2032,6,4,5
20320913,2032,6,4,5
20320914,2032,6,4,5
20320915,2032,6,4,5
20320916,2032,6,4,5
20320917,2032,6,4,5
20320918,2032,6,4,5
20320919,2032,6,4,5
20320920,2032,6,4,5
20320921,2032,6,4,5
20320922,2032,6,4,5
20320923,2032,6,4,5
20320924,2032,6,4,5
20320925,2032,6,4,5
20320926,2032,6,4,5
20320927,2032,6,4,5
20320928,2032,6,4,5
20320929,2032,6,4,5
20320930,2032,6,4,5
20321001,2032,6,4,5
20321002,2032,6,4,5
20321003,2032,6,4,5
20321004,2032,6,4,5
20321005,2032,6,4,5
20321006,2032,6,4,5
20321007,2032,6,4,5
20321008,2032,6,4,5
20321009,2032,6,4,5
20321010,2032,6,4,5
20321011,2032,6,4,5
20321012,2032,6,4,5
20321013,2032,6,4,5
20321014,2032,6,4,5
20321015,2032,6,4,5
20321016,2032,6,4,5
20321017,2032,6,4,5
20321018,2032,6,4,5
20321019,2032,6,4,5
20321020,2032,6,4,5
20321021,2032,6,4,5
20321022,2032,6,4,5
20321023,2032,6,4,5
20321024,2032,6,4,5
20321025,2032,6,4,5
20321026,2032,6,4,5
20321027,2032,6,4,5
20321028,2032,6,4,5
20321029,2032,6,4,5
20321030,2032,6,4,5
20321031,2032,6,4,5
20321101,2032,6,4,5
20321102,2032,6,4,5
20321103,2032,6,4,5
20321104,2032,6,4,5
20321105,2032,6,4,5
20321106,2032,6,4,5
20321107,2032,6,4,5
20321108,2032,6,4,5
20321109,2032,6,4,5
20321110,2032,6,4,5
20321111,2032,6,4,5
20321112,2032,6,4,5
20321113,2032,6,4,5
20321114,2032,6,4,5
20321115,2032,6,4,5
20321116,2032,6,4,5
20321117,2032,6,4,5
20321118,2032,6,4,5
20321119,2032,6,4,5
20321120,2032,6,4,5
20321121,2032,6,4,5
20321122,2032,6,4,5
20321123,2032,6,4,5
20321124,2032,6,4,5
20321125,2032,6,4,5
20321126,2032,6,4,5
20321127,2032,6,4,5
20321128,2032,6,4,5
20321129,2032,6,4,5
20321130,2032,6,4,5
20321201,2032,6,4,5
20321202,2032,6,4,5
20321203,2032,6,4,5
20321204,2032,6,4,5
20321205,2032,6,4,5
20321206,2032,6,4,5
20321207,2032,6,4,5
20321208,2032,6,4,5
20321209,2032,6,4,5
20321210,2032,6,4,5
20321211,2032,6,4,5
20321212,2032,6,4,5
20321213,2032,6,4,5
20321214,2032,6,4,5
20321215,2032,6,4,5
20321216,2032,6,4,5
20321217,2032,6,4,5
20321218,2032,6,4,5
20321219,2032,6,4,5
20321220,2032,6,4,5
20321221,2032,6,4,5
20321222,2032,6,4,5
20321223,2032,6,4,5
20321224,2032,6,4,5
20321225,2032,6,4,5
20321226,2032,6,4,5
20321227,2032,6,4,5
20321228,2032,6,4,5
20321229,2032,6,4,5
20321230,2032,6,4,5
20321231,2032,6,4,5
20370101,2037,6,4,5
20370102,2037,6,4,5
20370103,2037,6,4,5
20370104,2037,6,4,5
20370105,2037,6,4,5
20370106,2037,6,4,5
20370107,2037,6,4,5
20370108,2037,6,4,5
20370109,2037,6,4,5
20370110,2037,6,4,5
20370111,2037,6,4,5
20370112,2037,6,4,5
20370113,2037,6,4,5
20370114,2037,6,4,5
20370115,2037,6,4,5
20370116,2037,6,4,5
20370117,2037,6,4,5
20370118,2037,6,4,5
20370119,2037,6,4,5
20370120,2037,6,4,5
20370121,2037,6,4,5
20370122,2037,6,4,5
20370123,2037,6,4,5
20370124,2037,6,4,5
20370125,2037,6,4,5
20370126,2037,6,4,5
20370127,2037,6,4,5
20370128,2037,6,4,5
20370129,2037,6,4,5
20370130,2037,6,4,5
20370131,2037,6,4,5
20370201,2037,6,4,5
20370202,2037,6,4,5
20370203,2037,6,4,5
20370204,2037,6,4,5
20370205,2037,6,4,5
20370206,2037,6,4,5
20370207,2037,6,4,5
20370208,2037,6,4,5
20370209,2037,6,4,5
20370210,2037,6,4,5
20370211,2037,6,4,5
20370212,2037,6,4,5
20370213,2037,6,4,5
20370214,2037,6,4,5
20370215,2037,6,4,5
20370216,2037,6,4,5
20370217,2037,6,4,5
20370218,2037,6,4,5
20370219,2037,6,4,5
20370220,2037,6,4,5
20370221,2037,6,4,5
20370222,2037,6,4,5
20370223,2037,6,4,5
20370224,2037,6,4,5
20370225,2037,6,4,5
20370226,2037,6,4,5
20370227,2037,6,4,5
20370228,2037,6,4,5
20370301,2037,6,4,5
20370302,2037,6,4,5
20370303,2037,6,4,5
20370304,2037,6,4,5
20370305,2037,6,4,5
20370306,2037,6,4,5
20370307,2037,6,4,5
20370308,2037,6,4,5
20370309,2037,6,4,5
20370310,2037,6,4,5
20370311,2037,6,4,5
20370312,2037,6,4,5
20370313,2037,6,4,5
20370314,2037,6,4,5
20370315,2037,6,4,5
20370316,2037,6,4,5
20370317,2037,6,4,5
20370318,2037,6,4,5
20370319,2037,6,4,5
20370320,2037,6,4,5
20370321,2037,6,4,5
20370322,2037,6,4,5
20370323,2037,6,4,5
20370324,2037,6,4,5
20370325,2037,6,4,5
20370326,2037,6,4,5
20370327,2037,6,4,5
20370328,2037,6,4,5
20370329,2037,6,4,5
20370330,2037,6,4,5
20370331,2037,6,4,5
20370401,2037,6,4,5
20370402,2037,6,4,5
20370403,2037,6,4,5
20370404,2037,6,4,5
20370405,2037,6,4,5
20370406,2037,6,4,5
20370407,2037,6,4,5
20370408,2037,6,4,5
20370409,2037,6,4,5
20370410,2037,6,4,5
20370411,2037,6,4,5
20370412,2037,6,4,5
20370413,2037,6,4,5
20370414,2037,6,4,5
20370415,2037,6,4,5
20370416,2037,6,4,5
20370417,2037,6,4,5
20370418,2037,6,4,5
20370419,2037,6,4,5
20370420,2037,6,4,5
20370421,2037,6,4,5
20370422,2037,6,4,5
20370423,2037,6,4,5
20370424,2037,6,4,5
20370425,2037,6,4,5
20370426,2037,6,4,5
20370427,2037,6,4,5
20370428,2037,6,4,5
20370429,2037,6,4,5
20370430,2037,6,4,5
20370501,2037,6,4,5
20370502,2037,6,4,5
20370503,2037,6,4,5
20370504,2037,6,4,5
20370505,2037,6,4,5
20370506,2037,6,4,5
20370507,2037,6,4,5
20370508,2037,6,4,5
20370509,2037,6,4,5
20370510,2037,6,4,5
20370511,2037,6,4,5
20370512,2037,6,4,5
20370513,2037,6,4,5
20370514,2037,6,4,5
20370515,2037,6,4,5
20370516,2037,6,4,5
20370517,2037,6,4,5
20370518,2037,6,4,5
20370519,2037,6,4,5
20370520,2037,6,4,5
20370521,2037,6,4,5
20370522,2037,6,4,5
20370523,2037,6,4,5
20370524,2037,6,4,5
20370525,2037,6,4,5
20370526,2037,6,4,5
20370527,2037,6,4,5
20370528,2037,6,4,5
20370529,2037,6,4,5
20370530,2037,6,4,5
20370531,2037,6,4,5
20370601,2037,6,4,5
20370602,2037,6,4,5
20370603,2037,6,4,5
20370604,2037,6,4,5
20370605,2037,6,4,5
20370606,2037,6,4,5
20370607,2037,6,4,5
20370608,2037,6,4,5
20370609,2037,6,4,5
20370610,2037,6,4,5
20370611,2037,6,4,5
20370612,2037,6,4,5
20370613,2037,6,4,5
20370614,2037,6,4,5
20370615,2037,6,4,5
20370616,2037,6,4,5
20370617,2037,6,4,5
20370618,2037,6,4,5
20370619,2037,6,4,5
20370620,2037,6,4,5
20370621,2037,6,4,5
20370622,2037,6,4,5
20370623,2037,6,4,5
20370624,2037,6,4,5
20370625,2037,6,4,5
20370626,2037,6,4,5
20370627,2037,6,4,5
20370628,2037,6,4,5
20370629,2037,6,4,5
20370630,2037,6,4,5
20370701,2037,6,4,5
20370702,2037,6,4,5
20370703,2037,6,4,5
20370704,2037,6,4,5
20370705,2037,6,4,5
20370706,2037,6,4,5
20370707,2037,6,4,5
20370708,2037,6,4,5
20370709,2037,6,4,5
20370710,2037,6,4,5
20370711,2037,6,4,5
20370712,2037,6,4,5
20370713,2037,6,4,5
20370714,2037,6,4,5
20370715,2037,6,4,5
20370716,2037,6,4,5
20370717,2037,6,4,5
20370718,2037,6,4,5
20370719,2037,6,4,5
20370720,2037,6,4,5
20370721,2037,6,4,5
20370722,2037,6,4,5
20370723,2037,6,4,5
20370724,2037,6,4,5
20370725,2037,6,4,5
20370726,2037,6,4,5
20370727,2037,6,4,5
20370728,2037,6,4,5
20370729,2037,6,4,5
20370730,2037,6,4,5
20370731,2037,6,4,5
20370801,2037,6,4,5
20370802,2037,6,4,5
20370803,2037,6,4,5
20370804,2037,6,4,5
20370805,2037,6,4,5
20370806,2037,6,4,5
20370807,2037,6,4,5
20370808,2037,6,4,5
20370809,2037,6,4,5
20370810,2037,6,4,5
20370811,2037,6,4,5
20370812,2037,6,4,5
20370813,2037,6,4,5
20370814,2037,6,4,5
20370815,2037,6,4,5
20370816,2037,6,4,5
20370817,2037,6,4,5
20370818,2037,6,4,5
20370819,2037,6,4,5
20370820,2037,6,4,5
20370821,2037,6,4,5
20370822,2037,6,4,5
20370823,2037,6,4,5
20370824,2037,6,4,5
20370825,2037,6,4,5
20370826,2037,6,4,5
20370827,2037,6,4,5
20370828,2037,6,4,5
20370829,2037,6,4,5
20370830,2037,6,4,5
20370831,2037,6,4,5
20370901,2037,6,4,5
20370902,2037,6,4,5
20370903,2037,6,4,5
20370904,2037,6,4,5
20370905,2037,6,4,5
20370906,2037,6,4,5
20370907,2037,6,4,5
20370908,2037,6,4,5
20370909,2037,6,4,5
20370910,2037,6,4,5
20370911,2037,6,4,5
20370912,2037,6,4,5
20370913,2037,6,4,5
20370914,2037,6,4,5
20370915,2037,6,4,5
20370916,2037,6,4,5
20370917,2037,6,4,5
20370918,2037,6,4,5
20370919,2037,6,4,5
20370920,2037,6,4,5
20370921,2037,6,4,5
20370922,2037,6,4,5
20370923,2037,6,4,5
20370924,2037,6,4,5
20370925,2037,6,4,5
20370926,2037,6,4,5
20370927,2037,6,4,5
20370928,2037,6,4,5
20370929,2037,6,4,5
20370930,2037,6,4,5
20371001,2037,6,4,5
20371002,2037,6,4,5
20371003,2037,6,4,5
20371004,2037,6,4,5
20371005,2037,6,4,5
20371006,2037,6,4,5
20371007,2037,6,4,5
20371008,2037,6,4,5
20371009,2037,6,4,5
20371010,2037,6,4,5
20371011,2037,6,4,5
20371012,2037,6,4,5
20371013,2037,6,4,5
20371014,2037,6,4,5
20371015,2037,6,4,5
20371016,2037,6,4,5
20371017,2037,6,4,5
20371018,2037,6,4,5
20371019,2037,6,4,5
20371020,2037,6,4,5
20371021,2037,6,4,5
20371022,2037,6,4,5
20371023,2037,6,4,5
20371024,2037,6,4,5
20371025,2037,6,4,5
20371026,2037,6,4,5
20371027,2037,6,4,5
20371028,2037,6,4,5
20371029,2037,6,4,5
20371030,2037,6,4,5
20371031,2037,6,4,5
20371101,2037,6,4,5
20371102,2037,6,4,5
20371103,2037,6,4,5
20371104,2037,6,4,5
20371105,2037,6,4,5
20371106,2037,6,4,5
20371107,2037,6,4,5
20371108,2037,6,4,5
20371109,2037,6,4,5
20371110,2037,6,4,5
20371111,2037,6,4,5
20371112,2037,6,4,5
20371113,2037,6,4,5
20371114,2037,6,4,5
20371115,2037,6,4,5
20371116,2037,6,4,5
20371117,2037,6,4,5
20371118,2037,6,4,5
20371119,2037,6,4,5
20371120,2037,6,4,5
20371121,2037,6,4,5
20371122,2037,6,4,5
20371123,2037,6,4,5
20371124,2037,6,4,5
20371125,2037,6,4,5
20371126,2037,6,4,5
20371127,2037,6,4,5
20371128,2037,6,4,5
20371129,2037,6,4,5
20371130,2037,6,4,5
20371201,2037,6,4,5
20371202,2037,6,4,5
20371203,2037,6,4,5
20371204,2037,6,4,5
20371205,2037,6,4,5
20371206,2037,6,4,5
20371207,2037,6,4,5
20371208,2037,6,4,5
20371209,2037,6,4,5
20371210,2037,6,4,5
20371211,2037,6,4,5
20371212,2037,6,4,5
20371213,2037,6,4,5
20371214,2037,6,4,5
20371215,2037,6,4,5
20371216,2037,6,4,5
20371217,2037,6,4,5
20371218,2037,6,4,5
20371219,2037,6,4,5
20371220,2037,6,4,5
20371221,2037,6,4,5
20371222,2037,6,4,5
20371223,2037,6,4,5
20371224,2037,6,4,5
20371225,2037,6,4,5
20371226,2037,6,4,5
20371227,2037,6,4,5
20371228,2037,6,4,5
20371229,2037,6,4,5
20371230,2037,6,4,5
20371231,2037,6,4,5
20420101,2042,6,4,5
20420102,2042,6,4,5
20420103,2042,6,4,5
20420104,2042,6,4,5
20420105,2042,6,4,5
20420106,2042,6,4,5
20420107,2042,6,4,5
20420108,2042,6,4,5
20420109,2042,6,4,5
20420110,2042,6,4,5
20420111,2042,6,4,5
20420112,2042,6,4,5
20420113,2042,6,4,5
20420114,2042,6,4,5
20420115,2042,6,4,5
20420116,2042,6,4,5
20420117,2042,6,4,5
20420118,2042,6,4,5
20420119,2042,6,4,5
20420120,2042,6,4,5
20420121,2042,6,4,5
20420122,2042,6,4,5
20420123,2042,6,4,5
20420124,2042,6,4,5
20420125,2042,6,4,5
20420126,2042,6,4,5
20420127,2042,6,4,5
20420128,2042,6,4,5
20420129,2042,6,4,5
20420130,2042,6,4,5
20420131,2042,6,4,5
20420201,2042,6,4,5
20420202,2042,6,4,5
20420203,2042,6,4,5
20420204,2042,6,4,5
20420205,2042,6,4,5
20420206,2042,6,4,5
20420207,2042,6,4,5
20420208,2042,6,4,5
20420209,2042,6,4,5
20420210,2042,6,4,5
20420211,2042,6,4,5
20420212,2042,6,4,5
20420213,2042,6,4,5
20420214,2042,6,4,5
20420215,2042,6,4,5
20420216,2042,6,4,5
20420217,2042,6,4,5
20420218,2042,6,4,5
20420219,2042,6,4,5
20420220,2042,6,4,5
20420221,2042,6,4,5
20420222,2042,6,4,5
20420223,2042,6,4,5
20420224,2042,6,4,5
20420225,2042,6,4,5
20420226,2042,6,4,5
20420227,2042,6,4,5
20420228,2042,6,4,5
20420301,2042,6,4,5
20420302,2042,6,4,5
20420303,2042,6,4,5
20420304,2042,6,4,5
20420305,2042,6,4,5
20420306,2042,6,4,5
20420307,2042,6,4,5
20420308,2042,6,4,5
20420309,2042,6,4,5
20420310,2042,6,4,5
20420311,2042,6,4,5
20420312,2042,6,4,5
20420313,2042,6,4,5
20420314,2042,6,4,5
20420315,2042,6,4,5
20420316,2042,6,4,5
20420317,2042,6,4,5
20420318,2042,6,4,5
20420319,2042,6,4,5
20420320,2042,6,4,5
20420321,2042,6,4,5
20420322,2042,6,4,5
20420323,2042,6,4,5
20420324,2042,6,4,5
20420325,2042,6,4,5
20420326,2042,6,4,5
20420327,2042,6,4,5
20420328,2042,6,4,5
20420329,2042,6,4,5
20420330,2042,6,4,5
20420331,2042,6,4,5
20420401,2042,6,4,5
20420402,2042,6,4,5
20420403,2042,6,4,5
20420404,2042,6,4,5
20420405,2042,6,4,5
20420406,2042,6,4,5
20420407,2042,6,4,5
20420408,2042,6,4,5
20420409,2042,6,4,5
20420410,2042,6,4,5
20420411,2042,6,4,5
20420412,2042,6,4,5
20420413,2042,6,4,5
20420414,2042,6,4,5
20420415,2042,6,4,5
20420416,2042,6,4,5
20420417,2042,6,4,5
20420418,2042,6,4,5
20420419,2042,6,4,5
20420420,2042,6,4,5
20420421,2042,6,4,5
20420422,2042,6,4,5
20420423,2042,6,4,5
20420424,2042,6,4,5
20420425,2042,6,4,5
20420426,2042,6,4,5
20420427,2042,6,4,5
20420428,2042,6,4,5
20420429,2042,6,4,5
20420430,2042,6,4,5
20420501,2042,6,4,5
20420502,2042,6,4,5
20420503,2042,6,4,5
20420504,2042,6,4,5
20420505,2042,6,4,5
20420506,2042,6,4,5
20420507,2042,6,4,5
20420508,2042,6,4,5
20420509,2042,6,4,5
20420510,2042,6,4,5
20420511,2042,6,4,5
20420512,2042,6,4,5
20420513,2042,6,4,5
20420514,2042,6,4,5
20420515,2042,6,4,5
20420516,2042,6,4,5
20420517,2042,6,4,5
20420518,2042,6,4,5
20420519,2042,6,4,5
20420520,2042,6,4,5
20420521,2042,6,4,5
20420522,2042,6,4,5
20420523,2042,6,4,5
20420524,2042,6,4,5
20420525,2042,6,4,5
20420526,2042,6,4,5
20420527,2042,6,4,5
20420528,2042,6,4,5
20420529,2042,6,4,5
20420530,2042,6,4,5
20420531,2042,6,4,5
20420601,2042,6,4,5
20420602,2042,6,4,5
20420603,2042,6,4,5
20420604,2042,6,4,5
20420605,2042,6,4,5
20420606,2042,6,4,5
20420607,2042,6,4,5
20420608,2042,6,4,5
20420609,2042,6,4,5
20420610,2042,6,4,5
20420611,2042,6,4,5
20420612,2042,6,4,5
20420613,2042,6,4,5
20420614,2042,6,4,5
20420615,2042,6,4,5
20420616,2042,6,4,5
20420617,2042,6,4,5
20420618,2042,6,4,5
20420619,2042,6,4,5
20420620,2042,6,4,5
20420621,2042,6,4,5
20420622,2042,6,4,5
20420623,2042,6,4,5
20420624,2042,6,4,5
20420625,2042,6,4,5
20420626,2042,6,4,5
20420627,2042,6,4,5
20420628,2042,6,4,5
20420629,2042,6,4,5
20420630,2042,6,4,5
20420701,2042,6,4,5
20420702,2042,6,4,5
20420703,2042,6,4,5
20420704,2042,6,4,5
20420705,2042,6,4,5
20420706,2042,6,4,5
20420707,2042,6,4,5
20420708,2042,6,4,5
20420709,2042,6,4,5
20420710,2042,6,4,5
20420711,2042,6,4,5
20420712,2042,6,4,5
20420713,2042,6,4,5
20420714,2042,6,4,5
20420715,2042,6,4,5
20420716,2042,6,4,5
20420717,2042,6,4,5
20420718,2042,6,4,5
20420719,2042,6,4,5
20420720,2042,6,4,5
20420721,2042,6,4,5
20420722,2042,6,4,5
20420723,2042,6,4,5
20420724,2042,6,4,5
20420725,2042,6,4,5
20420726,2042,6,4,5
20420727,2042,6,4,5
20420728,2042,6,4,5
20420729,2042,6,4,5
20420730,2042,6,4,5
20420731,2042,6,4,5
20420801,2042,6,4,5
20420802,2042,6,4,5
20420803,2042,6,4,5
20420804,2042,6,4,5
20420805,2042,6,4,5
20420806,2042,6,4,5
20420807,2042,6,4,5
20420808,2042,6,4,5
20420809,2042,6,4,5
20420810,2042,6,4,5
20420811,2042,6,4,5
20420812,2042,6,4,5
20420813,2042,6,4,5
20420814,2042,6,4,5
20420815,2042,6,4,5
20420816,2042,6,4,5
20420817,2042,6,4,5
20420818,2042,6,4,5
20420819,2042,6,4,5
20420820,2042,6,4,5
20420821,2042,6,4,5
20420822,2042,6,4,5
20420823,2042,6,4,5
20420824,2042,6,4,5
20420825,2042,6,4,5
20420826,2042,6,4,5
20420827,2042,6,4,5
20420828,2042,6,4,5
20420829,2042,6,4,5
20420830,2042,6,4,5
20420831,2042,6,4,5
20420901,2042,6,4,5
20420902,2042,6,4,5
20420903,2042,6,4,5
20420904,2042,6,4,5
20420905,2042,6,4,5
20420906,2042,6,4,5
20420907,2042,6,4,5
20420908,2042,6,4,5
20420909,2042,6,4,5
20420910,2042,6,4,5
20420911,2042,6,4,5
20420912,2042,6,4,5
20420913,2042,6,4,5
20420914,2042,6,4,5
20420915,2042,6,4,5
20420916,2042,6,4,5
20420917,2042,6,4,5
20420918,2042,6,4,5
20420919,2042,6,4,5
20420920,2042,6,4,5
20420921,2042,6,4,5
20420922,2042,6,4,5
20420923,2042,6,4,5
20420924,2042,6,4,5
20420925,2042,6,4,5
20420926,2042,6,4,5
20420927,2042,6,4,5
20420928,2042,6,4,5
20420929,2042,6,4,5
20420930,2042,6,4,5
20421001,2042,6,4,5
20421002,2042,6,4,5
20421003,2042,6,4,5
20421004,2042,6,4,5
20421005,2042,6,4,5
20421006,2042,6,4,5
20421007,2042,6,4,5
20421008,2042,6,4,5
20421009,2042,6,4,5
20421010,2042,6,4,5
20421011,2042,6,4,5
20421012,2042,6,4,5
20421013,2042,6,4,5
20421014,2042,6,4,5
20421015,2042,6,4,5
20421016,2042,6,4,5
20421017,2042,6,4,5
20421018,2042,6,4,5
20421019,2042,6,4,5
20421020,2042,6,4,5
20421021,2042,6,4,5
20421022,2042,6,4,5
20421023,2042,6,4,5
20421024,2042,6,4,5
20421025,2042,6,4,5
20421026,2042,6,4,5
20421027,2042,6,4,5
20421028,2042,6,4,5
20421029,2042,6,4,5
20421030,2042,6,4,5
20421031,2042,6,4,5
20421101,2042,6,4,5
20421102,2042,6,4,5
20421103,2042,6,4,5
20421104,2042,6,4,5
20421105,2042,6,4,5
20421106,2042,6,4,5
20421107,2042,6,4,5
20421108,2042,6,4,5
20421109,2042,6,4,5
20421110,2042,6,4,5
20421111,2042,6,4,5
20421112,2042,6,4,5
20421113,2042,6,4,5
20421114,2042,6,4,5
20421115,2042,6,4,5
20421116,2042,6,4,5
20421117,2042,6,4,5
20421118,2042,6,4,5
20421119,2042,6,4,5
20421120,2042,6,4,5
20421121,2042,6,4,5
20421122,2042,6,4,5
20421123,2042,6,4,5
20421124,2042,6,4,5
20421125,2042,6,4,5
20421126,2042,6,4,5
20421127,2042,6,4,5
20421128,2042,6,4,5
20421129,2042,6,4,5
20421130,2042,6,4,5
20421201,2042,6,4,5
20421202,2042,6,4,5
20421203,2042,6,4,5
20421204,2042,6,4,5
20421205,2042,6,4,5
20421206,2042,6,4,5
20421207,2042,6,4,5
20421208,2042,6,4,5
20421209,2042,6,4,5
20421210,2042,6,4,5
20421211,2042,6,4,5
20421212,2042,6,4,5
20421213,2042,6,4,5
20421214,2042,6,4,5
20421215,2042,6,4,5
20421216,2042,6,4,5
20421217,2042,6,4,5
20421218,2042,6,4,5
20421219,2042,6,4,5
20421220,2042,6,4,5
20421221,2042,6,4,5
20421222,2042,6,4,5
20421223,2042,6,4,5
20421224,2042,6,4,5
20421225,2042,6,4,5
20421226,2042,6,4,5
20421227,2042,6,4,5
20421228,2042,6,4,5
20421229,2042,6,4,5
20421230,2042,6,4,5
20421231,2042,6,4,5
20470101,2047,6,4,5
20470102,2047,6,4,5
20470103,2047,6,4,5
20470104,2047,6,4,5
20470105,2047,6,4,5
20470106,2047,6,4,5
20470107,2047,6,4,5
20470108,2047,6,4,5
20470109,2047,6,4,5
20470110,2047,6,4,5
20470111,2047,6,4,5
20470112,2047,6,4,5
20470113,2047,6,4,5
20470114,2047,6,4,5
20470115,2047,6,4,5
20470116,2047,6,4,5
20470117,2047,6,4,5
20470118,2047,6,4,5
20470119,2047,6,4,5
20470120,2047,6,4,5
20470121,2047,6,4,5
20470122,2047,6,4,5
20470123,2047,6,4,5
20470124,2047,6,4,5
20470125,2047,6,4,5
20470126,2047,6,4,5
20470127,2047,6,4,5
20470128,2047,6,4,5
20470129,2047,6,4,5
20470130,2047,6,4,5
20470131,2047,6,4,5
20470201,2047,6,4,5
20470202,2047,6,4,5
20470203,2047,6,4,5
20470204,2047,6,4,5
20470205,2047,6,4,5
20470206,2047,6,4,5
20470207,2047,6,4,5
20470208,2047,6,4,5
20470209,2047,6,4,5
20470210,2047,6,4,5
20470211,2047,6,4,5
20470212,2047,6,4,5
20470213,2047,6,4,5
20470214,2047,6,4,5
20470215,2047,6,4,5
20470216,2047,6,4,5
20470217,2047,6,4,5
20470218,2047,6,4,5
20470219,2047,6,4,5
20470220,2047,6,4,5
20470221,2047,6,4,5
20470222,2047,6,4,5
20470223,2047,6,4,5
20470224,2047,6,4,5
20470225,2047,6,4,5
20470226,2047,6,4,5
20470227,2047,6,4,5
20470228,2047,6,4,5
20470301,2047,6,4,5
20470302,2047,6,4,5
20470303,2047,6,4,5
20470304,2047,6,4,5
20470305,2047,6,4,5
20470306,2047,6,4,5
20470307,2047,6,4,5
20470308,2047,6,4,5
20470309,2047,6,4,5
20470310,2047,6,4,5
20470311,2047,6,4,5
20470312,2047,6,4,5
20470313,2047,6,4,5
20470314,2047,6,4,5
20470315,2047,6,4,5
20470316,2047,6,4,5
20470317,2047,6,4,5
20470318,2047,6,4,5
20470319,2047,6,4,5
20470320,2047,6,4,5
20470321,2047,6,4,5
20470322,2047,6,4,5
20470323,2047,6,4,5
20470324,2047,6,4,5
20470325,2047,6,4,5
20470326,2047,6,4,5
20470327,2047,6,4,5
20470328,2047,6,4,5
20470329,2047,6,4,5
20470330,2047,6,4,5
20470331,2047,6,4,5
20470401,2047,6,4,5
20470402,2047,6,4,5
20470403,2047,6,4,5
20470404,2047,6,4,5
20470405,2047,6,4,5
20470406,2047,6,4,5
20470407,2047,6,4,5
20470408,2047,6,4,5
20470409,2047,6,4,5
20470410,2047,6,4,5
20470411,2047,6,4,5
20470412,2047,6,4,5
20470413,2047,6,4,5
20470414,2047,6,4,5
20470415,2047,6,4,5
20470416,2047,6,4,5
20470417,2047,6,4,5
20470418,2047,6,4,5
20470419,2047,6,4,5
20470420,2047,6,4,5
20470421,2047,6,4,5
20470422,2047,6,4,5
20470423,2047,6,4,5
20470424,2047,6,4,5
20470425,2047,6,4,5
20470426,2047,6,4,5
20470427,2047,6,4,5
20470428,2047,6,4,5
20470429,2047,6,4,5
20470430,2047,6,4,5
20470501,2047,6,4,5
20470502,2047,6,4,5
20470503,2047,6,4,5
20470504,2047,6,4,5
20470505,2047,6,4,5
20470506,2047,6,4,5
20470507,2047,6,4,5
20470508,2047,6,4,5
20470509,2047,6,4,5
20470510,2047,6,4,5
20470511,2047,6,4,5
20470512,2047,6,4,5
20470513,2047,6,4,5
20470514,2047,6,4,5
20470515,2047,6,4,5
20470516,2047,6,4,5
20470517,2047,6,4,5
20470518,2047,6,4,5
20470519,2047,6,4,5
20470520,2047,6,4,5
20470521,2047,6,4,5
20470522,2047,6,4,5
20470523,2047,6,4,5
20470524,2047,6,4,5
20470525,2047,6,4,5
20470526,2047,6,4,5
20470527,2047,6,4,5
20470528,2047,6,4,5
20470529,2047,6,4,5
20470530,2047,6,4,5
20470531,2047,6,4,5
20470601,2047,6,4,5
20470602,2047,6,4,5
20470603,2047,6,4,5
20470604,2047,6,4,5
20470605,2047,6,4,5
20470606,2047,6,4,5
20470607,2047,6,4,5
20470608,2047,6,4,5
20470609,2047,6,4,5
20470610,2047,6,4,5
20470611,2047,6,4,5
20470612,2047,6,4,5
20470613,2047,6,4,5
20470614,2047,6,4,5
20470615,2047,6,4,5
20470616,2047,6,4,5
20470617,2047,6,4,5
20470618,2047,6,4,5
20470619,2047,6,4,5
20470620,2047,6,4,5
20470621,2047,6,4,5
20470622,2047,6,4,5
20470623,2047,6,4,5
20470624,2047,6,4,5
20470625,2047,6,4,5
20470626,2047,6,4,5
20470627,2047,6,4,5
20470628,2047,6,4,5
20470629,2047,6,4,5
20470630,2047,6,4,5
20470701,2047,6,4,5
20470702,2047,6,4,5
20470703,2047,6,4,5
20470704,2047,6,4,5
20470705,2047,6,4,5
20470706,2047,6,4,5
20470707,2047,6,4,5
20470708,2047,6,4,5
20470709,2047,6,4,5
20470710,2047,6,4,5
20470711,2047,6,4,5
20470712,2047,6,4,5
20470713,2047,6,4,5
20470714,2047,6,4,5
20470715,2047,6,4,5
20470716,2047,6,4,5
20470717,2047,6,4,5
20470718,2047,6,4,5
20470719,2047,6,4,5
20470720,2047,6,4,5
20470721,2047,6,4,5
20470722,2047,6,4,5
20470723,2047,6,4,5
20470724,2047,6,4,5
20470725,2047,6,4,5
20470726,2047,6,4,5
20470727,2047,6,4,5
20470728,2047,6,4,5
20470729,2047,6,4,5
20470730,2047,6,4,5
20470731,2047,6,4,5
20470801,2047,6,4,5
20470802,2047,6,4,5
20470803,2047,6,4,5
20470804,2047,6,4,5
20470805,2047,6,4,5
20470806,2047,6,4,5
20470807,2047,6,4,5
20470808,2047,6,4,5
20470809,2047,6,4,5
20470810,2047,6,4,5
20470811,2047,6,4,5
20470812,2047,6,4,5
20470813,2047,6,4,5
20470814,2047,6,4,5
20470815,2047,6,4,5
20470816,2047,6,4,5
20470817,2047,6,4,5
20470818,2047,6,4,5
20470819,2047,6,4,5
20470820,2047,6,4,5
20470821,2047,6,4,5
20470822,2047,6,4,5
20470823,2047,6,4,5
20470824,2047,6,4,5
20470825,2047,6,4,5
20470826,2047,6,4,5
20470827,2047,6,4,5
20470828,2047,6,4,5
20470829,2047,6,4,5
20470830,2047,6,4,5
20470831,2047,6,4,5
20470901,2047,6,4,5
20470902,2047,6,4,5
20470903,2047,6,4,5
20470904,2047,6,4,5
20470905,2047,6,4,5
20470906,2047,6,4,5
20470907,2047,6,4,5
20470908,2047,6,4,5
20470909,2047,6,4,5
20470910,2047,6,4,5
20470911,2047,6,4,5
20470912,2047,6,4,5
20470913,2047,6,4,5
20470914,2047,6,4,5
20470915,2047,6,4,5
20470916,2047,6,4,5
20470917,2047,6,4,5
20470918,2047,6,4,5
20470919,2047,6,4,5
20470920,2047,6,4,5
20470921,2047,6,4,5
20470922,2047,6,4,5
20470923,2047,6,4,5
20470924,2047,6,4,5
20470925,2047,6,4,5
20470926,2047,6,4,5
20470927,2047,6,4,5
20470928,2047,6,4,5
20470929,2047,6,4,5
20470930,2047,6,4,5
20471001,2047,6,4,5
20471002,2047,6,4,5
20471003,2047,6,4,5
20471004,2047,6,4,5
20471005,2047,6,4,5
20471006,2047,6,4,5
20471007,2047,6,4,5
20471008,2047,6,4,5
20471009,2047,6,4,5
20471010,2047,6,4,5
20471011,2047,6,4,5
20471012,2047,6,4,5
20471013,2047,6,4,5
20471014,2047,6,4,5
20471015,2047,6,4,5
20471016,2047,6,4,5
20471017,2047,6,4,5
20471018,2047,6,4,5
20471019,2047,6,4,5
20471020,2047,6,4,5
20471021,2047,6,4,5
20471022,2047,6,4,5
20471023,2047,6,4,5
20471024,2047,6,4,5
20471025,2047,6,4,5
20471026,2047,6,4,5
20471027,2047,6,4,5
20471028,2047,6,4,5
20471029,2047,6,4,5
20471030,2047,6,4,5
20471031,2047,6,4,5
20471101,2047,6,4,5
20471102,2047,6,4,5
20471103,2047,6,4,5
20471104,2047,6,4,5
20471105,2047,6,4,5
20471106,2047,6,4,5
20471107,2047,6,4,5
20471108,2047,6,4,5
20471109,2047,6,4,5
20471110,2047,6,4,5
20471111,2047,6,4,5
20471112,2047,6,4,5
20471113,2047,6,4,5
20471114,2047,6,4,5
20471115,2047,6,4,5
20471116,2047,6,4,5
20471117,2047,6,4,5
20471118,2047,6,4,5
20471119,2047,6,4,5
20471120,2047,6,4,5
20471121,2047,6,4,5
20471122,2047,6,4,5
20471123,2047,6,4,5
20471124,2047,6,4,5
20471125,2047,6,4,5
20471126,2047,6,4,5
20471127,2047,6,4,5
20471128,2047,6,4,5
20471129,2047,6,4,5
20471130,2047,6,4,5
20471201,2047,6,4,5
20471202,2047,6,4,5
20471203,2047,6,4,5
20471204,2047,6,4,5
20471205,2047,6,4,5
20471206,2047,6,4,5
20471207,2047,6,4,5
20471208,2047,6,4,5
20471209,2047,6,4,5
20471210,2047,6,4,5
20471211,2047,6,4,5
20471212,2047,6,4,5
20471213,2047,6,4,5
20471214,2047,6,4,5
20471215,2047,6,4,5
20471216,2047,6,4,5
20471217,2047,6,4,5
20471218,2047,6,4,5
20471219,2047,6,4,5
20471220,2047,6,4,5
20471221,2047,6,4,5
20471222,2047,6,4,5
20471223,2047,6,4,5
20471224,2047,6,4,5
20471225,2047,6,4,5
20471226,2047,6,4,5
20471227,2047,6,4,5
20471228,2047,6,4,5
20471229,2047,6,4,5
20471230,2047,6,4,5
20471231,2047,6,4,5
